id	len	prev	next	hyp	gold	lr_score
vol02:63:1:13	1	1	1	艮	良	0.103
vol01:82:2:14	1	1	1	聰	聯	0.410
vol01:77:4:16	1	1	1	行	衍	0.531
vol02:148:3:18	4	40	60	舊	元	0.618
vol01:75:7:14	1	1	1	違	連	0.684
vol01:69:3:16	1	1	1	羲	琴	0.711
vol01:183:1:4	1	0	11	署	醫	0.786
vol01:76:6:21	1	1	1	柔	桑	0.786
vol01:152:2:17	1	1	1	類	預	0.798
vol01:199:1:4	1	0	72	別	别	0.833
vol02:148:3:19	4	40	60	翠	定	0.842
vol01:112:9:18	1	1	1	典	臣	0.859
vol01:69:1:13	1	1	1	襲	翦	0.877
vol01:151:7:6	2	1	1	湮	涇	0.922
vol01:152:2:19	2	1	1	非	芽	0.933
vol01:30:3:11	1	1	1	脞	腔	0.945
vol01:55:7:3	1	1	1	柱	枯	0.948
vol01:151:7:7	2	1	1	泉	皋	0.951
vol01:87:5:1	4	3	7	大	天	0.972
vol01:82:7:16	4	4	1	畫	毳	0.975
vol01:3:9:15	1	1	1	編	徧	0.985
vol01:69:3:18	3	1	1	畧	罍	0.985
vol01:82:1:2	1	1	1	藴	慈	0.986
vol02:177:7:16	6	4	9	史	中	0.991
vol02:188:6:4	4	1	5	閶	日	0.992
vol01:151:9:14	4	1	4	詩	赫	0.993
vol01:32:1:2	2	0	28	基	惎	0.997
vol01:108:5:20	1	1	1	言	官	0.997
vol01:75:7:17	2	1	1	醇	薛	0.997
vol01:108:9:18	2	1	1	具	臣	0.998
vol02:148:3:20	4	40	60	三	之	0.998
vol02:188:7:6	4	3	1	卽	法	0.998
vol02:188:6:3	4	1	5	毳	三	0.998
vol02:177:7:17	6	4	9	主	天	0.999
vol02:188:7:4	4	3	1	卦	主	0.999
vol01:152:2:20	2	1	1	藥	蘗	0.999
vol01:32:1:3	2	0	28	書	害	0.999
vol01:55:8:11	4	17	6	君	吞	0.999
vol01:75:7:16	2	1	1	刊	刋	1.000
vol01:82:7:19	4	4	1	軸	帕	1.000
vol01:82:7:18	4	4	1	耳	茸	1.000
vol02:177:7:18	6	4	9	章	之	1.000
vol01:80:3:21	4	12	1	提	擁	1.000
vol02:135:1:7	1	1	1	所	昕	1.000
vol01:55:8:12	4	17	6	邱	卵	1.000
vol02:148:3:21	4	40	60	十	子	1.000
vol01:82:7:17	4	4	1	豎	豐	1.000
vol02:188:7:5	4	3	1	亂	舊	1.000
vol01:116:2:16	5	4	4	事	討	1.000
vol01:3:9:8	6	2	1	業	十	1.000
vol02:25:1:3	1	0	170	既	旣	1.000
vol01:108:9:19	2	1	1	會	倉	1.000
vol01:68:1:4	6	1	3	杜	松	1.000
vol01:69:3:19	3	1	1	鈿	銅	1.000
vol01:55:8:13	4	17	6	義	姜	1.000
vol01:151:9:17	4	1	4	窮	翳	1.000
vol01:80:3:19	4	12	1	等	籌	1.000
vol01:80:4:3	4	12	1	馬	烏	1.000
vol02:177:7:19	6	4	9	靈	說	1.000
vol01:71:6:9	6	1	1	敘	紋	1.000
vol02:188:6:5	4	1	5	闚	九	1.000
vol01:55:8:14	4	17	6	源	嫄	1.000
vol01:3:9:11	6	2	1	事	二	1.000
vol01:116:2:17	5	4	4	副	臣	1.000
vol01:151:9:16	4	1	4	陸	陰	1.000
vol01:68:1:3	6	1	3	疑	凝	1.000
vol02:188:6:6	4	1	5	失	六	1.000
vol01:82:6:9	1	1	1	菅	管	1.000
vol01:116:2:18	5	4	4	典	錢	1.000
vol01:3:9:9	6	2	1	王	三	1.000
vol02:177:7:20	6	4	9	尤	元	1.000
vol01:3:9:13	6	2	1	尋	一	1.000
vol01:80:3:20	4	12	1	凡	几	1.000
vol01:3:9:12	6	2	1	考	十	1.000
vol01:151:9:15	4	1	4	耀	燿	1.000
vol01:116:2:19	5	4	4	汪	世	1.000
vol01:69:3:20	3	1	1	班	斑	1.000
vol02:5:1:3	1	0	1	柢	抵	1.000
vol01:68:2:2	6	1	3	擢	播	1.000
vol01:68:2:3	6	1	3	咸	威	1.000
vol01:68:1:5	6	1	3	練	棟	1.000
vol02:188:7:7	4	3	1	自	白	1.000
vol01:3:9:10	6	2	1	稱	經	1.000
vol01:68:2:4	6	1	3	校	棱	1.000
vol01:116:2:21	5	4	4	果	錫	1.000
vol02:177:7:21	6	4	9	呈	昇	1.000
