model,adopted,wrong
lr,1,0
lr,2,0
lr,3,0
lr,4,0
lr,5,1
lr,6,1
lr,7,1
lr,8,1
lr,9,1
lr,10,1
lr,11,1
lr,12,1
lr,13,1
lr,14,1
lr,15,1
lr,16,1
lr,17,1
lr,18,1
lr,19,1
lr,20,1
lr,21,1
lr,22,1
lr,23,1
lr,24,1
lr,25,1
lr,26,1
lr,27,1
lr,28,1
lr,29,1
lr,30,1
lr,31,1
lr,32,1
lr,33,1
lr,34,1
lr,35,1
lr,36,1
lr,37,1
lr,38,1
lr,39,1
lr,40,1
lr,41,1
lr,42,1
lr,43,1
lr,44,1
lr,45,1
lr,46,1
lr,47,1
lr,48,1
lr,49,1
lr,50,1
lr,51,1
lr,52,1
lr,53,1
lr,54,1
lr,55,1
lr,56,1
lr,57,1
lr,58,1
lr,59,1
lr,60,1
lr,61,1
lr,62,1
lr,63,1
lr,64,1
lr,65,1
lr,66,1
lr,67,1
lr,68,1
lr,69,1
lr,70,1
lr,71,1
lr,72,1
lr,73,1
lr,74,1
lr,75,1
lr,76,1
lr,77,1
lr,78,1
lr,79,1
lr,80,1
lr,81,1
lr,82,1
lr,83,1
lr,84,1
lr,85,1
lr,86,1
lr,87,1
lr,88,1
lr,89,1
lr,90,1
lr,91,1
lr,92,2
lr,93,2
lr,94,2
lr,95,2
lr,96,2
lr,97,2
lr,98,2
lr,99,2
lr,100,2
lr,101,2
lr,102,2
lr,103,2
lr,104,2
lr,105,2
lr,106,2
lr,107,2
lr,108,2
lr,109,2
lr,110,2
lr,111,2
lr,112,2
lr,113,2
lr,114,2
lr,115,2
lr,116,2
lr,117,2
lr,118,2
lr,119,2
lr,120,2
lr,121,2
lr,122,2
lr,123,2
lr,124,2
lr,125,2
lr,126,2
lr,127,2
lr,128,2
lr,129,2
lr,130,2
lr,131,2
lr,132,2
lr,133,2
lr,134,2
lr,135,2
lr,136,2
lr,137,2
lr,138,2
lr,139,2
lr,140,2
lr,141,2
lr,142,2
lr,143,2
lr,144,2
lr,145,2
lr,146,2
lr,147,2
lr,148,2
lr,149,2
lr,150,2
lr,151,2
lr,152,2
lr,153,2
lr,154,2
lr,155,2
lr,156,2
lr,157,2
lr,158,2
lr,159,2
lr,160,2
lr,161,2
lr,162,2
lr,163,2
lr,164,2
lr,165,2
lr,166,2
lr,167,2
lr,168,2
lr,169,2
lr,170,2
lr,171,2
lr,172,2
lr,173,2
lr,174,2
lr,175,2
lr,176,2
lr,177,2
lr,178,2
lr,179,2
lr,180,2
lr,181,2
lr,182,2
lr,183,2
lr,184,2
lr,185,2
lr,186,2
lr,187,2
lr,188,2
lr,189,2
lr,190,2
lr,191,2
lr,192,2
lr,193,2
lr,194,2
lr,195,2
lr,196,2
lr,197,2
lr,198,2
lr,199,2
lr,200,2
lr,201,2
lr,202,2
lr,203,2
lr,204,2
lr,205,2
lr,206,2
lr,207,2
lr,208,2
lr,209,2
lr,210,2
lr,211,2
lr,212,2
lr,213,2
lr,214,2
lr,215,2
lr,216,2
lr,217,2
lr,218,2
lr,219,2
lr,220,2
lr,221,2
lr,222,2
lr,223,2
lr,224,2
lr,225,2
lr,226,2
lr,227,2
lr,228,2
lr,229,2
lr,230,2
lr,231,2
lr,232,2
lr,233,2
lr,234,2
lr,235,2
lr,236,2
lr,237,2
lr,238,2
lr,239,2
lr,240,2
lr,241,2
lr,242,2
lr,243,2
lr,244,2
lr,245,2
lr,246,2
lr,247,2
lr,248,2
lr,249,2
lr,250,2
lr,251,2
lr,252,3
lr,253,3
lr,254,3
lr,255,3
lr,256,3
lr,257,3
lr,258,3
lr,259,3
lr,260,3
lr,261,3
lr,262,3
lr,263,3
lr,264,3
lr,265,3
lr,266,3
lr,267,3
lr,268,3
lr,269,3
lr,270,3
lr,271,3
lr,272,3
lr,273,3
lr,274,3
lr,275,3
lr,276,3
lr,277,3
lr,278,3
lr,279,3
lr,280,3
lr,281,3
lr,282,3
lr,283,3
lr,284,3
lr,285,3
lr,286,3
lr,287,3
lr,288,3
lr,289,3
lr,290,3
lr,291,3
lr,292,3
lr,293,3
lr,294,3
lr,295,3
lr,296,3
lr,297,4
lr,298,4
lr,299,4
lr,300,4
lr,301,4
lr,302,4
lr,303,4
lr,304,4
lr,305,4
lr,306,4
lr,307,4
lr,308,4
lr,309,4
lr,310,4
lr,311,4
lr,312,4
lr,313,4
lr,314,4
lr,315,4
lr,316,4
lr,317,4
lr,318,4
lr,319,4
lr,320,4
lr,321,4
lr,322,4
lr,323,4
lr,324,4
lr,325,4
lr,326,4
lr,327,4
lr,328,4
lr,329,4
lr,330,4
lr,331,4
lr,332,4
lr,333,4
lr,334,4
lr,335,4
lr,336,4
lr,337,4
lr,338,4
lr,339,4
lr,340,4
lr,341,4
lr,342,4
lr,343,4
lr,344,4
lr,345,4
lr,346,4
lr,347,4
lr,348,4
lr,349,4
lr,350,4
lr,351,4
lr,352,4
lr,353,4
lr,354,4
lr,355,4
lr,356,4
lr,357,4
lr,358,4
lr,359,4
lr,360,4
lr,361,4
lr,362,4
lr,363,4
lr,364,4
lr,365,4
lr,366,4
lr,367,4
lr,368,4
lr,369,4
lr,370,4
lr,371,4
lr,372,5
lr,373,5
lr,374,5
lr,375,5
lr,376,5
lr,377,5
lr,378,5
lr,379,5
lr,380,5
lr,381,5
lr,382,5
lr,383,5
lr,384,5
lr,385,5
lr,386,5
lr,387,5
lr,388,5
lr,389,5
lr,390,5
lr,391,5
lr,392,5
lr,393,5
lr,394,5
lr,395,5
lr,396,5
lr,397,5
lr,398,5
lr,399,5
lr,400,5
lr,401,5
lr,402,5
lr,403,5
lr,404,5
lr,405,5
lr,406,5
lr,407,5
lr,408,5
lr,409,5
lr,410,5
lr,411,5
lr,412,5
lr,413,5
lr,414,5
lr,415,5
lr,416,5
lr,417,5
lr,418,5
lr,419,5
lr,420,5
lr,421,5
lr,422,5
lr,423,5
lr,424,5
lr,425,5
lr,426,5
lr,427,5
lr,428,5
lr,429,5
lr,430,5
lr,431,5
lr,432,5
lr,433,5
lr,434,5
lr,435,5
lr,436,5
lr,437,6
lr,438,6
lr,439,6
lr,440,6
lr,441,6
lr,442,6
lr,443,6
lr,444,6
lr,445,6
lr,446,6
lr,447,6
lr,448,6
lr,449,6
lr,450,6
lr,451,6
lr,452,6
lr,453,6
lr,454,6
lr,455,6
lr,456,6
lr,457,6
lr,458,6
lr,459,6
lr,460,6
lr,461,6
lr,462,6
lr,463,6
lr,464,6
lr,465,6
lr,466,6
lr,467,6
lr,468,6
lr,469,6
lr,470,6
lr,471,6
lr,472,6
lr,473,6
lr,474,6
lr,475,6
lr,476,6
lr,477,6
lr,478,6
lr,479,6
lr,480,6
lr,481,6
lr,482,6
lr,483,6
lr,484,6
lr,485,6
lr,486,6
lr,487,6
lr,488,6
lr,489,6
lr,490,6
lr,491,6
lr,492,6
lr,493,6
lr,494,6
lr,495,6
lr,496,6
lr,497,6
lr,498,6
lr,499,6
lr,500,6
lr,501,6
lr,502,6
lr,503,6
lr,504,6
lr,505,6
lr,506,6
lr,507,6
lr,508,6
lr,509,6
lr,510,6
lr,511,6
lr,512,6
lr,513,6
lr,514,6
lr,515,6
lr,516,6
lr,517,6
lr,518,6
lr,519,6
lr,520,6
lr,521,6
lr,522,6
lr,523,6
lr,524,6
lr,525,6
lr,526,6
lr,527,6
lr,528,6
lr,529,6
lr,530,6
lr,531,6
lr,532,6
lr,533,6
lr,534,6
lr,535,6
lr,536,6
lr,537,6
lr,538,6
lr,539,6
lr,540,6
lr,541,6
lr,542,6
lr,543,6
lr,544,6
lr,545,6
lr,546,6
lr,547,6
lr,548,6
lr,549,6
lr,550,6
lr,551,6
lr,552,6
lr,553,6
lr,554,6
lr,555,6
lr,556,6
lr,557,6
lr,558,6
lr,559,6
lr,560,6
lr,561,6
lr,562,6
lr,563,6
lr,564,6
lr,565,6
lr,566,6
lr,567,6
lr,568,6
lr,569,6
lr,570,6
lr,571,6
lr,572,6
lr,573,6
lr,574,6
lr,575,6
lr,576,6
lr,577,6
lr,578,6
lr,579,6
lr,580,6
lr,581,6
lr,582,6
lr,583,6
lr,584,6
lr,585,6
lr,586,6
lr,587,6
lr,588,6
lr,589,7
lr,590,7
lr,591,7
lr,592,7
lr,593,7
lr,594,7
lr,595,7
lr,596,7
lr,597,7
lr,598,7
lr,599,7
lr,600,7
lr,601,7
lr,602,7
lr,603,7
lr,604,7
lr,605,7
lr,606,7
lr,607,7
lr,608,7
lr,609,7
lr,610,7
lr,611,7
lr,612,7
lr,613,7
lr,614,7
lr,615,7
lr,616,7
lr,617,7
lr,618,7
lr,619,7
lr,620,7
lr,621,7
lr,622,7
lr,623,7
lr,624,7
lr,625,7
lr,626,7
lr,627,7
lr,628,7
lr,629,7
lr,630,7
lr,631,7
lr,632,7
lr,633,7
lr,634,7
lr,635,7
lr,636,7
lr,637,7
lr,638,7
lr,639,7
lr,640,7
lr,641,7
lr,642,7
lr,643,7
lr,644,7
lr,645,7
lr,646,7
lr,647,7
lr,648,7
lr,649,7
lr,650,7
lr,651,7
lr,652,7
lr,653,7
lr,654,7
lr,655,7
lr,656,7
lr,657,7
lr,658,7
lr,659,7
lr,660,7
lr,661,7
lr,662,7
lr,663,7
lr,664,7
lr,665,7
lr,666,7
lr,667,7
lr,668,7
lr,669,7
lr,670,7
lr,671,7
lr,672,7
lr,673,7
lr,674,7
lr,675,7
lr,676,7
lr,677,7
lr,678,7
lr,679,7
lr,680,7
lr,681,7
lr,682,7
lr,683,7
lr,684,7
lr,685,7
lr,686,7
lr,687,7
lr,688,7
lr,689,7
lr,690,7
lr,691,7
lr,692,7
lr,693,7
lr,694,7
lr,695,7
lr,696,7
lr,697,7
lr,698,7
lr,699,7
lr,700,7
lr,701,7
lr,702,7
lr,703,7
lr,704,7
lr,705,7
lr,706,7
lr,707,7
lr,708,7
lr,709,7
lr,710,7
lr,711,7
lr,712,7
lr,713,7
lr,714,7
lr,715,7
lr,716,7
lr,717,7
lr,718,7
lr,719,7
lr,720,7
lr,721,7
lr,722,7
lr,723,7
lr,724,7
lr,725,7
lr,726,7
lr,727,7
lr,728,7
lr,729,7
lr,730,7
lr,731,7
lr,732,7
lr,733,7
lr,734,7
lr,735,7
lr,736,7
lr,737,7
lr,738,7
lr,739,7
lr,740,7
lr,741,7
lr,742,7
lr,743,7
lr,744,7
lr,745,7
lr,746,7
lr,747,7
lr,748,7
lr,749,7
lr,750,7
lr,751,7
lr,752,7
lr,753,7
lr,754,7
lr,755,7
lr,756,7
lr,757,7
lr,758,7
lr,759,7
lr,760,7
lr,761,7
lr,762,7
lr,763,7
lr,764,7
lr,765,7
lr,766,7
lr,767,7
lr,768,7
lr,769,8
lr,770,8
lr,771,9
lr,772,9
lr,773,9
lr,774,9
lr,775,9
lr,776,9
lr,777,9
lr,778,9
lr,779,9
lr,780,9
lr,781,9
lr,782,9
lr,783,9
lr,784,9
lr,785,9
lr,786,9
lr,787,9
lr,788,9
lr,789,9
lr,790,9
lr,791,9
lr,792,9
lr,793,9
lr,794,9
lr,795,9
lr,796,9
lr,797,9
lr,798,9
lr,799,9
lr,800,9
lr,801,9
lr,802,9
lr,803,9
lr,804,9
lr,805,9
lr,806,9
lr,807,9
lr,808,9
lr,809,9
lr,810,9
lr,811,9
lr,812,9
lr,813,9
lr,814,9
lr,815,9
lr,816,9
lr,817,9
lr,818,9
lr,819,9
lr,820,9
lr,821,9
lr,822,9
lr,823,9
lr,824,9
lr,825,9
lr,826,9
lr,827,9
lr,828,9
lr,829,9
lr,830,9
lr,831,9
lr,832,9
lr,833,9
lr,834,9
lr,835,9
lr,836,9
lr,837,9
lr,838,9
lr,839,9
lr,840,9
lr,841,9
lr,842,9
lr,843,9
lr,844,9
lr,845,9
lr,846,9
lr,847,9
lr,848,9
lr,849,9
lr,850,9
lr,851,9
lr,852,9
lr,853,10
lr,854,10
lr,855,10
lr,856,10
lr,857,10
lr,858,10
lr,859,10
lr,860,10
lr,861,10
lr,862,10
lr,863,10
lr,864,10
lr,865,10
lr,866,10
lr,867,10
lr,868,10
lr,869,10
lr,870,10
lr,871,10
lr,872,10
lr,873,10
lr,874,10
lr,875,10
lr,876,10
lr,877,10
lr,878,10
lr,879,10
lr,880,10
lr,881,10
lr,882,10
lr,883,10
lr,884,10
lr,885,10
lr,886,10
lr,887,10
lr,888,10
lr,889,10
lr,890,10
lr,891,10
lr,892,10
lr,893,10
lr,894,10
lr,895,10
lr,896,10
lr,897,10
lr,898,10
lr,899,10
lr,900,10
lr,901,10
lr,902,10
lr,903,10
lr,904,10
lr,905,10
lr,906,10
lr,907,10
lr,908,10
lr,909,10
lr,910,10
lr,911,10
lr,912,10
lr,913,10
lr,914,10
lr,915,10
lr,916,10
lr,917,10
lr,918,10
lr,919,10
lr,920,10
lr,921,10
lr,922,10
lr,923,10
lr,924,10
lr,925,10
lr,926,10
lr,927,10
lr,928,10
lr,929,10
lr,930,10
lr,931,10
lr,932,10
lr,933,10
lr,934,10
lr,935,10
lr,936,10
lr,937,10
lr,938,10
lr,939,10
lr,940,10
lr,941,10
lr,942,10
lr,943,10
lr,944,11
lr,945,11
lr,946,11
lr,947,11
lr,948,11
lr,949,11
lr,950,11
lr,951,12
lr,952,12
lr,953,12
lr,954,12
lr,955,12
lr,956,12
lr,957,12
lr,958,12
lr,959,12
lr,960,12
lr,961,12
lr,962,12
lr,963,12
lr,964,13
lr,965,14
lr,966,15
hgb,1,0
hgb,2,0
hgb,3,0
hgb,4,0
hgb,5,0
hgb,6,0
hgb,7,0
hgb,8,0
hgb,9,0
hgb,10,0
hgb,11,0
hgb,12,0
hgb,13,0
hgb,14,0
hgb,15,0
hgb,16,0
hgb,17,1
hgb,18,1
hgb,19,1
hgb,20,1
hgb,21,1
hgb,22,1
hgb,23,1
hgb,25,1
hgb,26,1
hgb,27,1
hgb,29,1
hgb,30,1
hgb,31,1
hgb,32,1
hgb,33,1
hgb,34,1
hgb,35,1
hgb,36,1
hgb,37,1
hgb,38,2
hgb,39,2
hgb,40,2
hgb,41,2
hgb,42,2
hgb,43,2
hgb,44,2
hgb,45,2
hgb,46,2
hgb,47,2
hgb,48,2
hgb,49,2
hgb,50,2
hgb,51,2
hgb,52,2
hgb,53,2
hgb,54,2
hgb,55,2
hgb,56,2
hgb,57,2
hgb,58,2
hgb,59,2
hgb,60,2
hgb,61,2
hgb,62,2
hgb,63,2
hgb,64,2
hgb,65,2
hgb,66,2
hgb,67,2
hgb,68,2
hgb,69,2
hgb,70,2
hgb,71,2
hgb,72,2
hgb,73,2
hgb,74,2
hgb,75,2
hgb,76,2
hgb,77,2
hgb,78,2
hgb,79,2
hgb,80,2
hgb,81,2
hgb,82,2
hgb,83,2
hgb,84,2
hgb,85,2
hgb,86,2
hgb,87,2
hgb,88,2
hgb,89,2
hgb,90,2
hgb,91,2
hgb,92,2
hgb,93,2
hgb,94,2
hgb,95,2
hgb,96,2
hgb,97,2
hgb,98,2
hgb,99,2
hgb,101,2
hgb,102,2
hgb,103,2
hgb,104,2
hgb,105,2
hgb,106,2
hgb,107,2
hgb,108,2
hgb,109,2
hgb,110,2
hgb,111,2
hgb,112,2
hgb,113,2
hgb,114,2
hgb,115,2
hgb,116,2
hgb,117,2
hgb,118,2
hgb,119,2
hgb,120,2
hgb,121,2
hgb,122,2
hgb,124,2
hgb,125,2
hgb,126,2
hgb,127,2
hgb,128,2
hgb,129,2
hgb,130,2
hgb,131,2
hgb,132,2
hgb,133,2
hgb,134,2
hgb,135,2
hgb,136,2
hgb,137,2
hgb,138,2
hgb,139,2
hgb,140,3
hgb,141,3
hgb,142,3
hgb,143,3
hgb,144,3
hgb,145,3
hgb,146,3
hgb,147,3
hgb,148,3
hgb,149,3
hgb,151,3
hgb,152,3
hgb,153,3
hgb,154,3
hgb,155,3
hgb,156,3
hgb,157,3
hgb,158,3
hgb,159,3
hgb,160,3
hgb,162,3
hgb,163,3
hgb,164,3
hgb,165,3
hgb,166,4
hgb,167,4
hgb,168,4
hgb,169,4
hgb,170,4
hgb,171,4
hgb,172,4
hgb,173,4
hgb,174,4
hgb,175,4
hgb,176,4
hgb,177,4
hgb,178,4
hgb,179,4
hgb,180,4
hgb,181,4
hgb,182,4
hgb,183,4
hgb,184,4
hgb,185,4
hgb,186,4
hgb,187,4
hgb,188,4
hgb,189,4
hgb,190,4
hgb,191,4
hgb,192,4
hgb,193,4
hgb,194,4
hgb,195,4
hgb,196,4
hgb,197,4
hgb,198,4
hgb,199,4
hgb,200,4
hgb,201,4
hgb,202,4
hgb,203,4
hgb,204,4
hgb,205,4
hgb,206,4
hgb,207,4
hgb,208,4
hgb,209,4
hgb,210,4
hgb,211,4
hgb,213,4
hgb,214,4
hgb,215,4
hgb,216,4
hgb,217,4
hgb,218,4
hgb,219,4
hgb,220,4
hgb,221,4
hgb,222,4
hgb,223,4
hgb,224,4
hgb,225,4
hgb,226,4
hgb,227,4
hgb,228,4
hgb,229,4
hgb,230,4
hgb,231,4
hgb,232,4
hgb,233,4
hgb,234,4
hgb,235,4
hgb,236,4
hgb,237,4
hgb,238,4
hgb,239,4
hgb,240,4
hgb,242,4
hgb,243,4
hgb,244,4
hgb,245,4
hgb,246,4
hgb,247,4
hgb,248,4
hgb,249,4
hgb,250,4
hgb,251,4
hgb,252,4
hgb,253,4
hgb,254,4
hgb,255,4
hgb,256,4
hgb,257,4
hgb,258,4
hgb,259,4
hgb,260,4
hgb,261,4
hgb,262,4
hgb,263,4
hgb,264,4
hgb,265,4
hgb,266,4
hgb,267,4
hgb,268,4
hgb,269,4
hgb,270,4
hgb,271,4
hgb,272,4
hgb,273,4
hgb,274,4
hgb,275,4
hgb,276,4
hgb,277,4
hgb,278,4
hgb,279,4
hgb,280,4
hgb,281,4
hgb,282,4
hgb,283,4
hgb,284,4
hgb,285,4
hgb,286,4
hgb,287,4
hgb,288,4
hgb,289,4
hgb,290,4
hgb,291,4
hgb,292,4
hgb,293,4
hgb,294,4
hgb,295,4
hgb,296,4
hgb,297,4
hgb,298,4
hgb,299,4
hgb,300,4
hgb,301,4
hgb,302,4
hgb,303,4
hgb,304,4
hgb,305,4
hgb,306,4
hgb,307,4
hgb,308,4
hgb,309,4
hgb,310,4
hgb,311,4
hgb,312,4
hgb,313,4
hgb,314,4
hgb,317,4
hgb,318,4
hgb,319,4
hgb,320,4
hgb,321,4
hgb,323,4
hgb,324,4
hgb,325,4
hgb,326,4
hgb,327,4
hgb,328,4
hgb,329,4
hgb,330,4
hgb,331,4
hgb,332,4
hgb,333,4
hgb,334,4
hgb,335,4
hgb,336,4
hgb,337,4
hgb,338,4
hgb,339,4
hgb,341,4
hgb,342,4
hgb,343,4
hgb,344,4
hgb,345,4
hgb,346,4
hgb,347,4
hgb,348,4
hgb,349,4
hgb,350,4
hgb,351,4
hgb,352,4
hgb,353,4
hgb,354,4
hgb,355,4
hgb,356,4
hgb,357,4
hgb,358,4
hgb,359,4
hgb,360,4
hgb,361,4
hgb,362,4
hgb,363,4
hgb,364,4
hgb,366,4
hgb,367,4
hgb,368,4
hgb,369,4
hgb,370,4
hgb,371,4
hgb,372,4
hgb,373,4
hgb,374,5
hgb,375,5
hgb,376,5
hgb,377,5
hgb,378,5
hgb,379,5
hgb,380,5
hgb,381,5
hgb,382,5
hgb,383,5
hgb,384,5
hgb,385,5
hgb,386,5
hgb,387,5
hgb,388,5
hgb,389,5
hgb,390,5
hgb,391,5
hgb,392,5
hgb,393,5
hgb,394,5
hgb,395,5
hgb,396,5
hgb,397,5
hgb,398,5
hgb,399,5
hgb,400,5
hgb,401,5
hgb,402,5
hgb,403,5
hgb,404,5
hgb,405,5
hgb,406,5
hgb,407,5
hgb,408,5
hgb,409,5
hgb,410,5
hgb,411,5
hgb,412,5
hgb,413,5
hgb,414,5
hgb,415,5
hgb,416,5
hgb,417,5
hgb,418,5
hgb,419,5
hgb,420,5
hgb,421,5
hgb,422,5
hgb,423,5
hgb,424,5
hgb,425,5
hgb,426,5
hgb,427,5
hgb,428,5
hgb,429,5
hgb,430,5
hgb,431,5
hgb,432,5
hgb,433,5
hgb,434,5
hgb,435,5
hgb,436,5
hgb,437,5
hgb,438,5
hgb,439,5
hgb,440,5
hgb,441,5
hgb,442,5
hgb,443,5
hgb,444,5
hgb,445,5
hgb,446,5
hgb,447,5
hgb,448,5
hgb,449,5
hgb,450,5
hgb,451,5
hgb,452,5
hgb,453,5
hgb,454,5
hgb,455,5
hgb,456,5
hgb,457,5
hgb,458,5
hgb,459,5
hgb,460,5
hgb,461,5
hgb,462,5
hgb,463,5
hgb,464,5
hgb,465,5
hgb,466,5
hgb,467,5
hgb,468,5
hgb,469,5
hgb,470,5
hgb,471,5
hgb,472,5
hgb,473,5
hgb,474,5
hgb,475,5
hgb,476,5
hgb,477,5
hgb,478,5
hgb,479,5
hgb,480,5
hgb,481,5
hgb,482,5
hgb,483,5
hgb,484,5
hgb,485,5
hgb,486,5
hgb,487,5
hgb,488,5
hgb,489,5
hgb,490,5
hgb,491,5
hgb,492,5
hgb,493,5
hgb,494,5
hgb,495,5
hgb,496,5
hgb,497,5
hgb,498,5
hgb,499,5
hgb,500,5
hgb,501,5
hgb,502,5
hgb,503,5
hgb,504,5
hgb,505,5
hgb,506,5
hgb,507,5
hgb,508,5
hgb,509,5
hgb,510,5
hgb,511,5
hgb,512,5
hgb,513,5
hgb,514,5
hgb,515,6
hgb,516,6
hgb,517,6
hgb,518,6
hgb,519,6
hgb,520,6
hgb,521,6
hgb,522,6
hgb,523,6
hgb,524,6
hgb,525,6
hgb,526,6
hgb,527,6
hgb,528,6
hgb,529,6
hgb,531,6
hgb,532,6
hgb,533,6
hgb,534,6
hgb,535,6
hgb,536,6
hgb,537,6
hgb,538,6
hgb,539,6
hgb,540,6
hgb,541,6
hgb,542,6
hgb,543,6
hgb,544,6
hgb,545,6
hgb,546,6
hgb,547,6
hgb,548,6
hgb,549,6
hgb,550,6
hgb,551,6
hgb,552,6
hgb,553,6
hgb,554,6
hgb,555,7
hgb,556,7
hgb,557,7
hgb,558,7
hgb,559,7
hgb,560,7
hgb,561,7
hgb,562,7
hgb,563,7
hgb,564,7
hgb,565,7
hgb,566,7
hgb,567,7
hgb,568,7
hgb,569,7
hgb,570,7
hgb,571,7
hgb,572,7
hgb,573,7
hgb,574,7
hgb,575,7
hgb,576,7
hgb,577,7
hgb,578,7
hgb,579,7
hgb,580,7
hgb,581,7
hgb,582,7
hgb,583,7
hgb,584,7
hgb,585,7
hgb,586,7
hgb,587,7
hgb,588,7
hgb,589,7
hgb,590,7
hgb,591,7
hgb,592,7
hgb,593,7
hgb,594,7
hgb,595,7
hgb,596,7
hgb,597,7
hgb,598,7
hgb,599,7
hgb,600,7
hgb,601,7
hgb,602,7
hgb,603,7
hgb,604,7
hgb,605,7
hgb,606,7
hgb,607,7
hgb,608,7
hgb,609,7
hgb,610,7
hgb,611,7
hgb,612,7
hgb,613,7
hgb,614,7
hgb,615,7
hgb,616,7
hgb,617,7
hgb,618,7
hgb,619,7
hgb,620,7
hgb,621,7
hgb,622,7
hgb,623,7
hgb,624,7
hgb,625,7
hgb,626,7
hgb,627,7
hgb,628,7
hgb,629,7
hgb,630,7
hgb,631,7
hgb,632,7
hgb,633,7
hgb,634,7
hgb,635,7
hgb,636,7
hgb,637,7
hgb,638,7
hgb,639,7
hgb,640,7
hgb,641,7
hgb,642,7
hgb,643,7
hgb,644,7
hgb,645,7
hgb,646,7
hgb,647,7
hgb,648,7
hgb,649,7
hgb,650,7
hgb,651,7
hgb,652,7
hgb,653,7
hgb,654,7
hgb,655,7
hgb,656,7
hgb,657,7
hgb,658,7
hgb,659,7
hgb,660,7
hgb,661,7
hgb,662,7
hgb,663,7
hgb,664,7
hgb,665,7
hgb,666,7
hgb,667,7
hgb,668,7
hgb,669,7
hgb,670,7
hgb,671,7
hgb,672,7
hgb,673,7
hgb,674,7
hgb,675,7
hgb,676,7
hgb,677,7
hgb,678,7
hgb,679,7
hgb,680,7
hgb,681,8
hgb,682,8
hgb,683,8
hgb,685,8
hgb,686,8
hgb,687,8
hgb,688,8
hgb,689,8
hgb,690,8
hgb,691,8
hgb,692,8
hgb,693,8
hgb,694,8
hgb,695,8
hgb,696,8
hgb,697,8
hgb,698,8
hgb,699,8
hgb,700,8
hgb,701,8
hgb,702,8
hgb,703,8
hgb,704,8
hgb,705,8
hgb,706,8
hgb,707,8
hgb,708,8
hgb,709,8
hgb,710,8
hgb,711,8
hgb,712,8
hgb,713,8
hgb,714,8
hgb,715,8
hgb,716,8
hgb,717,8
hgb,718,8
hgb,719,8
hgb,720,8
hgb,721,8
hgb,722,8
hgb,723,8
hgb,724,8
hgb,725,8
hgb,726,8
hgb,727,9
hgb,728,9
hgb,730,9
hgb,731,9
hgb,732,9
hgb,733,9
hgb,734,9
hgb,735,9
hgb,736,9
hgb,737,9
hgb,738,9
hgb,739,9
hgb,740,9
hgb,741,9
hgb,742,9
hgb,743,9
hgb,744,9
hgb,745,9
hgb,746,9
hgb,747,9
hgb,748,9
hgb,749,9
hgb,750,9
hgb,751,9
hgb,752,9
hgb,753,9
hgb,754,9
hgb,755,9
hgb,756,9
hgb,757,9
hgb,758,9
hgb,759,9
hgb,760,9
hgb,761,9
hgb,762,9
hgb,763,9
hgb,764,9
hgb,765,9
hgb,766,9
hgb,767,9
hgb,768,9
hgb,769,9
hgb,770,9
hgb,771,9
hgb,772,9
hgb,773,9
hgb,774,9
hgb,775,9
hgb,776,9
hgb,777,9
hgb,778,9
hgb,779,9
hgb,780,9
hgb,781,9
hgb,782,9
hgb,783,9
hgb,784,9
hgb,785,9
hgb,786,9
hgb,787,9
hgb,788,9
hgb,789,9
hgb,790,9
hgb,791,9
hgb,792,10
hgb,793,10
hgb,794,10
hgb,795,10
hgb,796,10
hgb,797,10
hgb,798,10
hgb,799,10
hgb,800,10
hgb,801,10
hgb,802,11
hgb,803,11
hgb,804,11
hgb,805,11
hgb,806,11
hgb,807,11
hgb,808,11
hgb,809,11
hgb,810,11
hgb,811,11
hgb,812,11
hgb,813,11
hgb,814,11
hgb,815,11
hgb,816,11
hgb,817,11
hgb,818,11
hgb,819,11
hgb,820,11
hgb,821,11
hgb,822,11
hgb,823,11
hgb,824,11
hgb,825,11
hgb,826,11
hgb,827,11
hgb,828,11
hgb,829,11
hgb,830,11
hgb,831,11
hgb,832,11
hgb,833,11
hgb,834,11
hgb,835,11
hgb,836,11
hgb,837,11
hgb,838,11
hgb,839,11
hgb,840,11
hgb,841,11
hgb,842,11
hgb,843,11
hgb,844,11
hgb,845,11
hgb,846,11
hgb,847,11
hgb,848,11
hgb,849,11
hgb,850,11
hgb,851,11
hgb,852,11
hgb,853,11
hgb,854,11
hgb,855,11
hgb,856,11
hgb,857,11
hgb,858,11
hgb,859,11
hgb,860,11
hgb,861,11
hgb,862,11
hgb,863,11
hgb,864,11
hgb,865,11
hgb,866,11
hgb,867,11
hgb,868,11
hgb,869,11
hgb,870,11
hgb,871,11
hgb,872,11
hgb,873,11
hgb,874,11
hgb,875,11
hgb,876,11
hgb,877,11
hgb,878,11
hgb,879,11
hgb,880,11
hgb,881,11
hgb,882,11
hgb,883,11
hgb,884,11
hgb,885,11
hgb,886,11
hgb,887,11
hgb,888,11
hgb,889,11
hgb,890,11
hgb,891,11
hgb,892,11
hgb,893,11
hgb,894,11
hgb,895,11
hgb,896,11
hgb,897,11
hgb,898,11
hgb,899,11
hgb,900,11
hgb,901,11
hgb,902,11
hgb,903,11
hgb,904,11
hgb,905,11
hgb,906,11
hgb,907,11
hgb,908,11
hgb,909,11
hgb,910,11
hgb,911,11
hgb,912,11
hgb,913,11
hgb,914,11
hgb,915,11
hgb,916,12
hgb,917,12
hgb,918,12
hgb,919,12
hgb,920,12
hgb,921,12
hgb,922,12
hgb,923,12
hgb,924,12
hgb,925,12
hgb,926,12
hgb,927,12
hgb,928,12
hgb,929,12
hgb,930,12
hgb,931,12
hgb,932,12
hgb,933,12
hgb,934,12
hgb,935,12
hgb,936,12
hgb,937,12
hgb,938,12
hgb,939,12
hgb,940,12
hgb,941,12
hgb,942,12
hgb,943,12
hgb,944,12
hgb,945,12
hgb,946,12
hgb,947,12
hgb,948,12
hgb,949,12
hgb,950,12
hgb,951,12
hgb,952,12
hgb,953,12
hgb,954,12
hgb,955,13
hgb,956,13
hgb,957,13
hgb,958,13
hgb,959,13
hgb,960,13
hgb,961,13
hgb,962,14
hgb,963,15
hgb,964,15
hgb,965,15
hgb,966,15
