id	sec	cells	a	b	muse_canonical	muse_basis	existing_table_srcs	user_verdict_已裁	unihan_hit	a_pinyin_zdic	b_pinyin_zdic	a_zdic_basic	a_zdic_kangxi	b_zdic_basic	b_zdic_kangxi	b字出现在a的zdic正文里	a字出现在b的zdic正文里	zdic_fetch_error_a	zdic_fetch_error_b
new001	new	15	上	𠀉	a	說文：𠀉為上之古文，音義全同可互換		out		笔顺	笔顺	● 上 shàng ㄕㄤˋ 位置在高处的，与“ 下 ”相对。 例如 楼～。～边。 次序或时间在前的。 例如 ～古。～卷。 等级和质量高的。 例如 ～等。～策。～乘（佛教用语，一般借指文学艺术的高妙境界或上品）。 由低处到高处。 例如 ～山。～车。～升。 去，到。 例如 ～街。 向前进。 例如 冲～去	【子集上】【一字部】 康熙笔画：3 部外笔画：2 〔古文〕丄 𠄞 【廣韻】【集韻】【韻會】【正韻】 𡘋 時亮切，音尙。在上之上，對下之稱。崇也，尊也。【易·乾·文言】本乎天者親上。 又【廣韻】君也。太上極尊之稱。【蔡邕·獨斷】上者，尊位所在。但言上，不敢言尊號。 又上日。【書·舜典】正月上日。【註】孔氏曰：上日，朔日也。葉氏曰：上旬之日。曾氏曰：如上戊，上辛，上丁之類。 又姓。漢上雄，明上觀，上志	● 𠀉 qiū ㄑㄧㄡ 同“ 丘 ”。	（康熙字典未收录「𠀉」字头，请参考「 丘 」字：）  【子集上】【一字部】 康熙笔画：5 部外笔画：4 〔古文〕㘳【廣韻】去鳩切【集韻】【韻會】祛尤切【正韻】驅尤切， 𠀤 音蚯。阜也，高也。四方高，中央下曰丘。【爾雅·釋丘】非人爲之曰丘。 又前高後下曰旄丘。【博雅】小陵曰丘。 又【周禮·春官·大司樂】凡樂，冬日至，于地上之圜丘而奏之。夏日至，于澤中之方丘而奏之。【疏】土之高者曰丘。因高以事天，故於		Y		
new002	new	6	果	𭩱	a	《中華字海》收𭩱為果之異體，音義全同		in		笔顺	笔顺	● 果 guǒ ㄍㄨㄛˇ 某些植物花落后含有种子的部分。 例如 ～实。～品。～木。结～（①结出果实；②事情的结局或成效）。 结局，与“ 因 ”相对。 例如 因～。成～。 坚决。 例如 ～决。～断。 确实，真的。 例如 ～真。如～。 充实，饱足。 例如 ～腹。 姓。	【辰集中】【木字部】 康熙笔画：8 部外笔画：4 【唐韻】【集韻】【韻會】【正韻】 𠀤 古火切，音裹。【說文】木實也。从木，象果形在木之上。【易·說卦】乾爲天，爲木果。【註】果實著木，有似星之著天也。【周禮·地官】甸師共野果蓏之屬。【應劭曰】木曰果，草曰蓏。【張晏曰】有核曰果，無核曰蓏。 又勝也，尅也。【左傳·宣二年】殺敵爲果，致果爲毅。 又決也。【禮·內則】將爲善思，貽父母令名必果。 又驗也。【	疑同“ 某 ”。					
new003	new	4	呼	𠰜	a	《漢語大字典》《中華字海》𠰜為呼異體		in		笔顺	笔顺	● 呼 hū ㄏㄨ 喊。 例如 ～喊。～声。～吁。～天号（ háo ）地。 唤，叫。 例如 ～唤。～叫。～应。～朋引类（招引同类的人，共同做坏事）。 往外出气，与“ 吸 ”相对。 例如 ～气。～吸。 象声词。 例如 ～地跳起来。 姓。	【丑集上】【口字部】 康熙笔画：8 部外笔画：5 〔古文〕 𠰗 戲【唐韻】荒烏切【集韻】【韻會】【正韻】荒胡切， 𠀤 音虍。【說文】外息也。【韻會】出息爲呼，入息爲吸。 又【廣韻】喚也。 又【集韻】嗚呼，歎辭。【書·五子之歌】嗚呼曷歸。 又通作乎。【詩·大雅】於乎小子。 又通作虖。【前漢·武帝紀】嗚虖何施而臻此與。亦作嘑。 又姓。【廣韻】列仙傳有仙人呼子先，又複姓。【前漢·匈奴傳】呼衍氏。【註】師	同“ 𠱫 ”。	【丑集上】【口字部】 康熙笔画：8 部外笔画：5 【字彙補】影霍切，音惡。相呵拒也。見字辨，與呼微異。		Y		
new004	new	3	果	𣐩	a	據學識𣐩係果異體音義全同可互換		out		笔顺	笔顺	● 果 guǒ ㄍㄨㄛˇ 某些植物花落后含有种子的部分。 例如 ～实。～品。～木。结～（①结出果实；②事情的结局或成效）。 结局，与“ 因 ”相对。 例如 因～。成～。 坚决。 例如 ～决。～断。 确实，真的。 例如 ～真。如～。 充实，饱足。 例如 ～腹。 姓。	【辰集中】【木字部】 康熙笔画：8 部外笔画：4 【唐韻】【集韻】【韻會】【正韻】 𠀤 古火切，音裹。【說文】木實也。从木，象果形在木之上。【易·說卦】乾爲天，爲木果。【註】果實著木，有似星之著天也。【周禮·地官】甸師共野果蓏之屬。【應劭曰】木曰果，草曰蓏。【張晏曰】有核曰果，無核曰蓏。 又勝也，尅也。【左傳·宣二年】殺敵爲果，致果爲毅。 又決也。【禮·內則】將爲善思，貽父母令名必果。 又驗也。【	● 𣐩 bǎi ㄅㄞˇ 同“ 柏 ”。	（康熙字典未收录「𣐩」字头，请参考「 柏 」字：）  【辰集中】【木字部】 康熙笔画：9 部外笔画：5 【唐韻】【集韻】【韻會】【正韻】 𠀤 博陌切，音百。【說文】椈也。【六書精蘊】柏，隂木也。木皆屬陽，而柏向隂指西，蓋木之有貞德者，故字从白。白，西方正色也。 又【春秋緯】諸侯墓樹柏。【前漢·東方朔傳】柏者，鬼之廷也。 又大也。與伯通。【釋名】柏車，大車也。 又逼也。與廹同。【周禮·春官】其柏席用				
new005	new	3	三	𠀉	a	《康熙字典》一部收𠀉為三之古文豎書，音義全同		out		笔顺	笔顺	● 三 sān ㄙㄢ 数名，二加一（在钞票和单据上常用大写“ 叁 ”代）。 例如 ～维空间。～部曲。～国（中国朝代名）。 表示多次或多数。 例如 ～思而行。～缄其口。	【子集上】【一字部】 康熙笔画：3 部外笔画：2 〔古文〕弎【唐韻】【集韻】【韻會】蘇甘切【正韻】蘇監切， 𡘋 颯平聲。【說文】三，天地人之道也。謂以陽之一合隂之二，次第重之，其數三也。【老子·道德經】一生二，二生三，三生萬物。【史記·律書】數始於一，終於十，成於三。 又【周禮·冬官考工記】凡兵無過三其身。 又【左傳·昭七年】士文伯曰：政不可不愼，務三而已。一擇人，二因民，三從時。 又【晉語】民生	● 𠀉 qiū ㄑㄧㄡ 同“ 丘 ”。	（康熙字典未收录「𠀉」字头，请参考「 丘 」字：）  【子集上】【一字部】 康熙笔画：5 部外笔画：4 〔古文〕㘳【廣韻】去鳩切【集韻】【韻會】祛尤切【正韻】驅尤切， 𠀤 音蚯。阜也，高也。四方高，中央下曰丘。【爾雅·釋丘】非人爲之曰丘。 又前高後下曰旄丘。【博雅】小陵曰丘。 又【周禮·春官·大司樂】凡樂，冬日至，于地上之圜丘而奏之。夏日至，于澤中之方丘而奏之。【疏】土之高者曰丘。因高以事天，故於				
new006	new	2	學	𫝯	a	《中華字海》收𫝯為學之異體，音義全同		in		笔顺	笔顺	● 學 xué ㄒㄩㄝˊ 學習。 《書•説命》 ：“學于古訓，乃有獲。” 效法，模仿。 《墨子•貴義》 ：“貧家而學富家之衣食多用，則速亡必矣。” 知曉，覺悟。 《白虎通•辟雍》 ：“學之為言覺也，以覺悟所不知也。” 講學，互相討論。 《資治通鑑•漢元帝建昭四年》 ：“哀王者，帝之少弟，與太子游學相	【寅集上】【子字部】 康熙笔画：16 部外笔画：13 【唐韻】胡覺切【集韻】【韻會】【正韻】轄覺切， 𠀤 音鷽。【說文】覺悟也，本作斆，篆作學。【增韻】受敎傳業曰學。朱子曰：學之爲言效也。【詩·周頌】日就月將，學有緝熙于光明。【書·說命】王人求多聞，時惟建事。學于古訓，乃有獲。【禮·學記】君子之於學也，藏焉，修焉，息焉，游焉，夫然故安其學而親其師，樂其友而信其道。 又學校，庠序總名。【禮·王制】天	● 𫝯 xué ㄒㄩㄝˊ 同“ 學 ”；見 《金石文字辨異》 。			Y		
new007	new	1	䇿	策	b	《康熙字典》《漢語大字典》皆收䇿為策之異體字		in		笔顺	笔顺	同“ 策 ”。		● 策 cè ㄘㄜˋ 古代的一种马鞭子，头上有尖刺。 鞭打。 例如 ～马。鞭～。 激励，促进。 例如 ～动。～勉。 古代称连编好的竹简。 例如 简～。 古代帝王对臣下封土、授爵或免官。 例如 ～命。～免。～封。 古代科举考试的一种文体。 例如 ～论。～问。 杖。 例如 ～杖。 中国数学上曾经用过的一	【未集上】【竹字部】 康熙笔画：12 部外笔画：6 【廣韻】楚革切【集韻】【韻會】測革切【正韻】恥格切， 𠀤 音 𠕁 。【儀禮註】策， 𥳑 也。【蔡邕·獨斷】策者， 𥳑 也。其制長二尺，短者半之，其次一長一短，兩編下附單執一札，謂之爲 𥳑 。連編諸 𥳑 ，乃名爲策。凡書，字有多有少，一行可盡者書之于 𥳑 ，數行可盡者書之于方，方所不容者乃書于策。【禮·曲禮】先生書策，琴瑟在前，坐而遷之，戒勿越。【	Y			
new008	new	1	懲	𢤎	a	《康熙字典》《異體字字典》收𢤎為懲異體				笔顺	笔顺	● 懲 chéng ㄔㄥˊ 见“ 惩 ”。	【卯集上】【心字部】 康熙笔画：19 部外笔画：15 【唐韻】直陵切【集韻】【韻會】持陵切， 𠀤 音澄。【說文】㣻也。从心徵聲。通作徵。 又叶仲良切，音長。【屈原·離騷】民生各有所樂兮，余獨好修以爲常。雖體解吾猶未變兮，非余心之可懲。	● 𢤎 cuō ㄘㄨㄛ 同“ 撮 ”。取。	【卯集上】【心字部】 康熙笔画：19 部外笔画：15 【篇海】倉括切，音撮。取也。				
new009	new	1	隱	𨃗	a	《漢語大字典》《異體字字典》收𨃗為隱異體音義全同				笔顺	笔顺		【戌集中】【阜字部】 康熙笔画：22 部外笔画：14 〔古文〕 𤔌 𠃊 【唐韻】【正韻】於謹切【集韻】【韻會】倚謹切， 𠀤 音櫽。【爾雅·釋詁】隱，微也。【註】微謂逃藏也。【易·乾卦】龍德而隱者也。 又【禮·禮運】大道旣隱。【註】隱猶去也。 又【說文】蔽也。【玉篇】匿也。【論語】言及之而不言，謂之隱。【禮·檀弓】事親有隱而無犯。【魯語】 𠛬 五而已，無有隱者，隱乃諱也。 又【廣韻】私也。【論語】吾	● 𨃗 téng ㄊㄥˊ 〔踜～〕行走的样子。	【酉集中】【足字部】 康熙笔画：17 部外笔画：10 【集韻】徒登切，音騰。【類篇】踜 𨃗 ，行貌。				
new010	new	1	倘	𠊰	a	《漢語大字典》收𠊰為倘之異體，音義全同可互換				笔顺	笔顺	● 倘 tǎng ㄊㄤˇ 假使，如果。 例如 ～或。～若。～使。～然。 ● 倘 cháng ㄔㄤˊ 同“ 徜 ”。	【子集中】【人字部】 康熙笔画：10 部外笔画：8 【集韻】齒兩切【正韻】昌兩切， 𠀤 音敞。忽止貌。 又【集韻】他朗切，湯上聲。義同。 又同儻。【莊子·在宥篇】雲將見之，倘然止。	● 𠊰 guā ㄍㄨㄚ 〔～～㒀〕行貌。	【子集中】【人字部】 康熙笔画：11 部外笔画：9 【廣韻】【集韻】 𠀤 古瓦切，音寡。㒀 𠊰 ，行貌。　別作 𠈥 。				
new011	new	1	覺	𮗖	a	《異體字字典》收𮗖為覺之異體，音義全同				笔顺	笔顺	● 覺 jué ㄐㄩㄝˊ 領悟，明白。 《説文•見部》 ：“覺，悟也。” 告知，啟發；使人覺悟。 《説文•見部》 ：“覺，發也。” 感知，意識到：不知不覺。清徐灝 《説文解字注箋•見部》 ：“覺，又為凡知覺之偁。” 察知；發覺。 《論語•憲問》 ：“不逆詐，不億不信，抑亦先覺者，是賢乎?” 表明。唐	【酉集上】【見字部】 康熙笔画：20 部外笔画：13 〔古文〕覐 𧠭 【唐韻】古岳切【集韻】【韻會】【正韻】訖岳切， 𠀤 音角。【說文】寤也。【廣韻】曉也。【書·說命】念終始典于學，厥德修罔覺。【公羊傳·昭三十一年】叔術覺焉。【註】覺，悟也。【莊子·齊物論】且有大覺，而後知此大夢也。【白虎通】學之爲言覺也，悟所不知也。 又發也。【前漢·高帝紀求賢詔】有而勿言覺免。【註】發覺者，免其官。 又明也。【	同“ 觉 ”。					
new012	new	1	躋	𨅤	a	《漢語大字典》躋條收𨅤為異體，同音子兮切訓登升				笔顺	笔顺	● 躋 jī ㄐㄧ 登，上升。 例如 ～于世界先進之列。～身。～攀。	【酉集中】【足字部】 康熙笔画：21 部外笔画：14 〔古文〕 𢁃 䠁 𤼥 【唐韻】祖稽切【集韻】牋西切， 𠀤 音賷。【說文】登也。【揚子·方言】海岱之閒謂之躋。【詩·秦風】道阻且躋。【傳】躋，升也。 又【廣韻】亦作隮。【易·震卦】躋于九陵。【釋文】躋，本又作隮。【左傳·文二年】躋僖公。【公羊傳】躋者何，升也。【集韻】或作隮。 又【廣韻】【集韻】 𠀤 子計切，音霽。義同。	● 𨅤 jī ㄐㄧ 〔～踞〕也作“踑踞”或“箕踞”，古人席地而坐时伸开两脚，其形如箕。这是一种不拘礼节的坐式。	【酉集中】【足字部】 康熙笔画：19 部外笔画：12 【集韻】居之切，音姬。箕通作 𨅤 。				
new013	new	1	攀	𣝴	a	《漢語大字典》《中華字海》收𣝴為攀異體				笔顺	笔顺	● 攀 pān ㄆㄢ 抓住东西向上爬。 例如 ～登。～高。～越。～桂（古代指科举考试登第）。～折（ zhé ）。～附。～援。 拉扯，拉拢，结交。 例如 ～交。～扯。～谈。～亲。	【卯集中】【手字部】 康熙笔画：19 部外笔画：15 【唐韻】普班切【集韻】【韻會】【正韻】披班切， 𠀤 盼平聲。引也。【晉語】攀輦卽利而舍。 又自下援上也。【莊子·馬蹄篇】鳥鵲之巢，可攀援而闚。【崔駰·達旨】攀台階闚紫闥。或作扳。亦作 𢸅 。	● 𣝴 pān ㄆㄢ 〈见于台湾人名〉					
new014	new	1	竭	𪀦	a	《漢語大字典》《中華字海》收𪀦為竭異體音義全同				笔顺	笔顺	● 竭 jié ㄐㄧㄝˊ 尽，用尽。 例如 ～诚。～尽。～力。～泽而渔。枯～。衰～。声嘶力～。用之不～。	【午集下】【立字部】 康熙笔画：14 部外笔画：9 【廣韻】渠列切【集韻】【韻會】【正韻】巨列切， 𠀤 音傑。盡也。【禮·曲禮】君子不盡人之歡，不竭人之忠。【史記·太史公自序】神大用則竭。 又【說文】負舉也。【禮·禮運】五行之運，迭相竭也。【註】竭猶負戴也。言五行運轉，更相爲始。 又【玉篇】敗也。【左傳·莊十年】曹劌曰：一鼓作氣，再而衰，三而竭。 又叶去例切。【妻誄柳下惠文】夫子之不竭兮，三黜終不		【亥集中】【鳥字部】 康熙笔画：17 部外笔画：6 【唐韻】恥力切【集韻】蓄力切， 𠀤 音敕。【說文】谿 𪀦 ，水鳥也。毛有五色。建州圖經曰：溪游，雄者左，雌者右，皆有式度。陳藏器曰：五采首有纓者爲谿 𪀦 。色多紫，尾有毛如船舵形。【正字通】韻會小補，或作 𪅍 。以 𪅍 溷 𪀦 ，誤。別作鷘䳵鶒， 𠀤 非。				
new015	new	1	寇	𠣑	a	《漢語大字典》《中華字海》以𠣑為寇異體				笔顺	笔顺	● 寇 kòu ㄎㄡˋ 盗匪，侵略者，亦指敌人。 例如 盗～。贼～。 侵略者来侵犯。 例如 ～边。 姓。	【寅集上】【宀字部】 康熙笔画：11 部外笔画：8 【唐韻】苦 𠋫 切【集韻】【韻會】【正韻】丘 𠋫 切， 𠀤 音扣。【說文】暴也。从攴从完，當其完聚而寇之也。攴，擊也。會意。【廣韻】鈔也。【增韻】仇也，賊也。【易·蒙卦】不利爲寇，利禦寇。【詩·大雅】式遏寇虐。【書·舜典】寇賊姦宄。【註】羣行攻刼曰寇，殺人曰賊。 又【左傳·文七年】兵作於內爲亂，於外爲寇。 又【周禮】司寇，秋官，主 𠛬 戮理官也。	● 𠣑 yáo ㄧㄠˊ 同“ 窅 ”。 深目貌。	【子集下】【勹字部】 康熙笔画：6 部外笔画：4 【唐韻】於交切，音坳。【玉篇】深目貌。				
new016	new	1	霰	𩄿	a	《異體字字典》《漢語大字典》收𩄿為霰異體，音義同				笔顺	笔顺	● 霰 xiàn ㄒㄧㄢˋ 在高空中的水蒸气遇到冷空气凝结成的小冰粒，多在下雪前或下雪时出现。	【戌集中】【雨字部】 康熙笔画：20 部外笔画：12 〔古文〕 𩂪 【唐韻】蘇甸切【集韻】【韻會】【正韻】先見切， 𠀤 先去聲。【說文】稷雪也。从雨散聲。【詩·小雅】如彼雨雪，先集維霰。【箋】將大雨雪，始必微溫，雪自上下，遇溫氣而搏，謂之霰。【大戴禮】陽之專氣爲霰。【註】隂氣在雨水，凝滯爲雪。陽氣薄之，不相入，散而爲霰。故春秋榖梁說曰：霰者，陽脅隂之符也。【釋名】霰，星也。水雪相搏，如星而散也。【	● 𩄿 bó ㄅㄛˊ 云貌。	【戌集中】【雨字部】 康熙笔画：19 部外笔画：11 【集韻】薄沒切，音孛。雲貌。				
new017	new	1	厚	𠩭	a	《中華字海》收𠩭為厚之異體，音義全同				笔顺	笔顺	● 厚 hòu ㄏㄡˋ 扁平物体上下两个面的距离。 例如 ～度。～薄（厚度）。 扁平物体上下两个面距离较大的，与“ 薄 ”相对。 例如 ～纸。～重（ zhòng ）（①又厚又重；②丰厚；③厚道而庄重）。 深，重（ zhòng ），浓，多。 例如 ～望。 不刻薄，待人好。 例如 ～道（诚恳，宽容，“ 	【子集下】【厂字部】 康熙笔画：9 部外笔画：7 〔古文〕垕 𡦩 【唐韻】【正韻】胡口切【集韻】【韻會】很口切， 𠀤 𠋫 上聲。【說文】山陵之厚也。【玉篇】不薄也，重也。【易廣】博厚配天地。 又【戰國策】非能厚勝之也。【註】厚，猶大也。 又【增韻】醲也。 又【廣韻】姓也。出《姓苑》。 又諡法，思慮不爽曰厚。	同“ 淳 ”。	【子集下】【厂字部】 康熙笔画：10 部外笔画：8 【集韻】朱倫切，音諄。同淳。漬也。				
new018	new	1	馳	𩢸	a	《異體字字典》𩢸為馳之異體				笔顺	笔顺	● 馳 chí ㄔˊ 車馬等奔跑，快跑。 例如 ～驅。～騁。風～電掣。 嚮往。 例如 神～。心～神往。～念。～思。 傳播，傳揚。 例如 ～名。～譽。 驅車馬追逐。 例如 “齊師敗績，公將～之”。	【亥集上】【馬字部】 康熙笔画：13 部外笔画：3 〔古文〕 𧂓 【廣韻】直離切【集韻】【韻會】【正韻】陳知切， 𠀤 音池。【玉篇】走奔也。【廣韻】馳騖也，疾驅也。【左傳·莊十年】公將馳之。 又【玉篇】天子道也。【正字通】馳道，天子所行路，若今之中道。 又姓。【姓苑】明馳九垓，仁壽縣舉人。 又【集韻】唐何切，音駝。亦走也。 又叶徒臥切，音隋。【詩·小雅】不失其馳，舍矢如破。 又叶尺里切，音恥。【劉	● 𩢸 zhōu ㄓㄡ 〔～騪〕一种高大的马。	【亥集上】【馬字部】 康熙笔画：16 部外笔画：6 【廣韻】【集韻】 𠀤 張流切，音輈。 𩢸 䮟，蕃中大馬。				
new019	new	1	霖	𩃕	a	《漢語大字典》《異體字字典》𩃕同霖，久雨音lín				笔顺	笔顺	● 霖 lín ㄌㄧㄣˊ 久下不停的雨。 例如 ～雨。～沥。～～。甘～（①对农作物有利的雨；②喻恩泽）。	【戌集中】【雨字部】 康熙笔画：16 部外笔画：8 【唐韻】力尋切【集韻】【韻會】犂針切【正韻】犂沉切， 𠀤 音林。【說文】雨三日已往。从雨林聲。【玉篇】雨不止也。【爾雅·釋天】久雨謂之淫，淫謂之霖。【書·說命】用汝作霖雨。【傳】霖以救旱。【左傳·隱九年】春王正月，大雨霖以震，書始也。凡雨自三日以往爲霖。	● 𩃕 chuáng ㄔㄨㄤˊ 〔～～〕急雨。	【戌集中】【雨字部】 康熙笔画：16 部外笔画：8 【集韻】仕莊切，音牀。急雨。或作漴。				
new020	new	1	閤	𨳼	a	龍龕手鑑門部：𨳼同閤，宋知閤門事通用				笔顺	笔顺	● 閤 hé ㄏㄜˊ 全；总共。 闭合。 ● 閤 gé ㄍㄜˊ 大门旁的小门。 宫中小门。 用同“ 閣 ”。	【戌集上】【門字部】 康熙笔画：14 部外笔画：6 【唐韻】【正韻】 𠀤 古沓切，音合。【說文】門旁戸。【正韻】內中小門。【爾雅·釋宮】小閨謂之閤。【疏】閨之小者名閤。【前漢·文翁傳】使傅敎令出入閨閤。【師古註】閨閤，內中小門也。【史記·汲黯傳】臥閨閤內不出。　【正字通】毛晃曰：唐制，天子日御前朝見羣臣，曰常參。朔望薦食陵寢，有思慕之感，不臨前殿，則御便殿見羣臣，謂之入閤。前殿卽宣政殿。便殿卽紫宸	● 𨳼 gǎn ㄍㄢˇ 门。	【戌集上】【門字部】 康熙笔画：13 部外笔画：5 【篇海類編】戸感切，漢上聲。【字彙】門也。				
new021	new	1	謂	𧫐	a	《汉语大字典》《异体字字典》收𧫐为謂异体				笔顺	笔顺	● 謂 wèi ㄨㄟˋ 評論。 《論語.八佾》 ：“孔子謂季氏：‘八佾舞於庭，是可忍也，孰不可忍也？’” 告訴。 《詩•小雅•隰桑》 ：“心乎愛矣，遐不謂矣。” 說。 《詩•衛風•河廣》 ：“誰謂河廣，一葦杭之。” 令，使。 《詩•小雅•出車》 ：“我出我車，于彼牧矣。自天子所，謂我來矣。召彼僕夫，	【酉集上】【言字部】 康熙笔画：16 部外笔画：9 【唐韻】【集韻】【韻會】 𠀤 于貴切，音胃。【說文】報也。【徐曰】謂之是報之也。【廣雅】說也。【廣韻】告也，言也。【增韻】與之言也。【易·乾卦】何謂也。【疏】假設問辭，故言何謂。【詩·召南】求我庶士，迨其謂之。【傳】但相告語而約可定矣。【左傳·昭八年】子盍謂之。 又【韻會】事有可稱曰有謂，失於事宜不可名言曰無謂。【莊子·齊物論】今我則有謂矣，而未	同“ 谞 ”。	【補遺】【酉集】【言字部】 康熙笔画：17 部外笔画：10 【龍龕】同諝。				
new022	new	1	盥	𥂩	a	《漢語大字典》《異體字字典》收𥂩為盥異體，音義全同。				笔顺	笔顺	● 盥 guàn ㄍㄨㄢˋ 浇水洗手，泛指洗。 例如 ～洗。～漱。 洗手器皿。 例如 “承姑奉～”。	【午集中】【皿字部】 康熙笔画：16 部外笔画：11 【唐韻】【集韻】【韻會】【正韻】 𠀤 古玩切，音貫。【說文】澡手也。【增韻】以盤水沃洗曰盥。【易·觀卦】盥而不薦。【註】盥，將祭而潔手也。【左傳·僖二十三年】奉匜沃盥。【禮·鄉飲】【酒義】盥洗揚觶。【魏書·武帝紀】臨祭就洗，以手擬水而不盥。 又【集韻】灌祭也。或作灌。【正韻】通作祼果。 又【廣韻】古滿切【集韻】【韻會】【正韻】古緩切， 𠀤 貫上	同“ 䀇 ”。	【午集中】【皿字部】 康熙笔画：17 部外笔画：12 【玉篇】同䀇。 又人名。汝 𥂩 。見【宋史·宗室表】。				
new023	new	1	覽	𧢦	a	教育部異體字字典收𧢦為覽之異體，音義全同可互換。				笔顺	笔顺	● 覽 lǎn ㄌㄢˇ 见“ 览 ”。	【酉集上】【見字部】 康熙笔画：22 部外笔画：15 【唐韻】盧敢切【集韻】【韻會】【正韻】魯敢切， 𠀤 藍上聲。【說文】觀也。【孔安國·尚書序】覩史籍之煩文，懼覽之者不一。【史記·秦始皇紀】登兹泰山，周覽東極。 又州名。【唐書·地理志】劒南道有覽州，貞觀二十三年置。 又姓。【姓苑】望出彭城。 又【韻會】通作攬。【王羲之·蘭亭敘】後之攬者，亦將有感於斯文。【正字通】按攬覽音同義別。攬，撮取也。溷同	● 𧢦 kuī ㄎㄨㄟ 目不转睛地看。 ● 𧢦 kuí ㄎㄨㄟˊ 淫视。	【酉集上】【見字部】 康熙笔画：25 部外笔画：18 【唐韻】渠追切【集韻】渠龜切， 𠀤 音逵。【說文】注目視也。 又【廣韻】丘韋切【集韻】區韋切， 𠀤 音蘬。 又【正韻】枯回切，音恢。義 𠀤 同。 又【集韻】丘畏切，蘬去聲。淫視也。 又【集韻】基位切，音媿。視貌。與䁛同。一作 𥍁 。　【字彙補】一作 𧢫 。				
new024	new	1	觀	𫟜	a	《漢語大字典》《異體字字典》𫟜為觀異體				笔顺	笔顺	● 觀 guān ㄍㄨㄢ 觀看，細看。 《説文•見部》 ：“觀，諦視也。” 《廣雅•釋詁一》 ：“觀，視也。” 觀察；察看。 《易•賁》 ：“觀乎人文，以化成天下。” 《楚辭•離騷》 ：“瞻前而顧後兮，相觀民之計極。” 觀賞；觀摩。 《書•無逸》 ：“繼自今嗣王，則其無淫于觀，于逸，于遊，于田。” 	【酉集上】【見字部】 康熙笔画：25 部外笔画：18 〔古文〕 𥍊 𥸑 𥷯 【唐韻】【集韻】【韻會】【正韻】 𠀤 古玩切，官去聲。【說文】諦視也。【韻會】所觀也，示也。【易·觀卦】大觀在上，順而巽，中正以觀天下。【朱註】觀者，有以中正示人而爲人所仰也。【書·益稷】予欲觀古人之象。【傳】欲觀示法象之服制。觀，舊音官，陸音工喚切。【周禮·冬官考工記】㮚氏爲量。嘉量旣成，以觀四國。【註】以觀示四方，使放	● 𫟜 guān ㄍㄨㄢ 同“ 觀 ”；見 《宋元以來俗字譜》 。			Y		
new025	new	1	探	𢮕	a	《漢語大字典》《異體字字典》皆收𢮕為探異體				笔顺	笔顺	● 探 tàn ㄊㄢˋ 寻求。 例如 ～求。～讨。～索。～试。勘～。试～。钻～。～幽访胜。～本穷源。 侦察打听。 例如 ～问。～听。～询。～查。～察。 做侦察工作的人。 例如 ～马（侦察骑兵）。敌～。密～。 访问，看望。 例如 ～望。～亲。～监。 头或上体伸出，手伸入。 例如 ～身。～头～脑。～囊取	【卯集中】【手字部】 康熙笔画：12 部外笔画：8 【唐韻】【集韻】【韻會】【正韻】 𠀤 他含切，音貪。【說文】遠取之也。【增韻】伺也，索也。【易·繫辭】探賾索隱。【疏】探謂閱探求取。【書·多方】則惟爾多方，探天之威。【註】自取天威也。【穀梁傳·隱元年】已探先君之邪志。【前漢·董仲舒傳】春秋深探其本。 又【爾雅·釋言】探，試也。【論語】見不善如探湯。【史記·酈生傳】此所謂探虎口者也。 又【集韻】【	同“ 揲 ”。	【卯集中】【手字部】 康熙笔画：12 部外笔画：8 俗揲字。				
new026	new	1	輕	𨋔	a	《漢語大字典》《中華字海》以𨋔為輕異體				笔顺	笔顺	● 輕 qīng ㄑㄧㄥ 见“ 轻 ”。	【酉集下】【車字部】 康熙笔画：14 部外笔画：7 〔古文〕 𨌷 𨓷 【廣韻】去盈切【集韻】【韻會】牽盈切【正韻】丘京切， 𠀤 音卿。【說文】輕車也。【廣韻】重之對也。 又去聲。【廣韻】虛正切【集韻】【韻會】牽正切【正韻】丘正切， 𠀤 音慶。【集韻】疾也。【左傳·桓十二年】絞小而輕，輕則寡謀。 又【僖三十三年】秦師輕而無禮。	同“ 䡰 ”。	【酉集下】【車字部】 康熙笔画：12 部外笔画：5 同䡰。詳後䡰字註。				
new027	new	1	豐	𧯽	a	《漢語大字典》《異體字字典》𧯽同豐為豐異體				笔顺	笔顺	● 豐 fēng ㄈㄥ 豆器所盛豐滿。 《説文•豆部》 ：“豐，豆之豐滿者也。” 《書•高宗彤日》 ：“典祀無豐于昵。” 滿；滿足。 《廣雅•釋詁一》 ：“豐，滿也。” 大。如：豐碑；豐功偉績。 《方言》 卷二：“朦、厖，豐也。自關而西秦晋之間凡大貌謂之朦或謂之厖。豐，其通語也。” 《玉篇•豐部》 	【酉集中】【豆字部】 康熙笔画：18 部外笔画：11 〔古文〕 𣍈 𧯮 【唐韻】敷戎切【集韻】【韻會】敷馮切， 𠀤 音酆。【說文】豆之豐滿者也。一曰器名，鄕飮酒有豐侯，亦謂之廢禁。【陸佃云】似豆而 𤰞 。【海錄碎事】《射禮》：置豐於西階。古豐國之君以酒亡國，故以爲罰爵，圖其人形於下寓戒也。【儀禮·鄕射禮】司射適堂西，命弟子設豐。【註】將飮不勝者，設豐所以承其爵也。【疏】按《燕禮》君尊有豐，此言承爵	● 𧯽 fēng ㄈㄥ 同“ 豊 ”。 茂盛；茂密。 丰富。 大。 古代放酒器在托盘。 姓。	【酉集中】【豆字部】 康熙笔画：17 部外笔画：10 【說文】豊本字。				
new028	new	1	範	𥲮	a	據字書及固定詞風範，𥲮為範之異體				笔顺	笔顺	● 範 fàn ㄈㄢˋ 古时出行前祭路神的仪节。 《説文•車部》 ：“範，範軷也。” 铸器物的模型；模子。 《集韻•范韻》 ：“範，模也。” 用模子制作；铸造。 《孔子家語•問禮》 ：“範金合土，以為臺榭宫室户牖。” 典范；法则：规范；示范；范本。 《爾雅•釋詁上》 ：“範，常也……法也。” 约束；	【未集上】【竹字部】 康熙笔画：15 部外笔画：9 【廣韻】防鋄切【集韻】【韻會】父鋄切【正韻】房啖切， 𠀤 音犯。【廣韻】法也，式也，模也。【易·繫辭】範圍，天地之化而不過。【疏】範謂模範。【書·洪範疏】武王克殷，訪道于箕子，爲陳天地之大法，敘述其事，乃作《洪範》。【爾雅·釋詁】範，常也。【疏】範者，模法之常也。 又姓。漢有範依，宋有範昱。	同“ 毒 ”。	（康熙字典未收录「𥲮」字头，请参考「 毒 」字：）  【辰集下】【毋字部】 康熙笔画：8 部外笔画：4 〔古文〕 𦸕 𧉉 【唐韻】【廣韻】【集韻】【類篇】【韻會】 𠀤 徒沃切，音碡。【博雅】惡也。一曰害也。【書·盤庚】惟汝自生毒。【禮·緇衣】惟君子能好其正，小人毒其正。 又深害曰漸毒。【莊子·胠篋篇】漸毒頡滑。 又痛也，苦也。【詩·大雅】民之貪亂，寧爲荼毒。【後漢·蘇章傳】分骸斷首，以毒生者。【註				
new029	new	1	戎	𢦶	a	《汉语大字典》《异体字字典》𢦶为戎异体				笔顺	笔顺	● 戎 róng ㄖㄨㄥˊ 古代兵器的总称。 军队，军事。 例如 兵～。投笔从～（指文人从军）。～装。～马。 古代称兵车。 例如 御～。 大。 例如 ～功。 称（方言，音如“ 农 ”）。 例如 “～有良翰”。 中国古代称西部民族。 例如 西～。～狄。 姓。	【卯集中】【戈字部】 康熙笔画：6 部外笔画：2 【唐韻】如融切【集韻】【韻會】而融切【正韻】而中切， 𠀤 音絨。【說文】兵也。【禮·月令】以習五戎。【註】五戎，弓殳矛戈戟也。【周禮·秋官·掌交】九戎之威。【註】九戎，九伐之戎也。 又兵車名。大曰元戎，小曰小戎。【詩·秦風】小戎俴收。 又【小雅】元戎十乗。 又【禮·王制】西方曰戎。 又大也。【詩·周頌】念兹戎功。【箋】戎功，大功也。【書·盤庚】乃不	同“ 戒 ”。	【補遺】【卯集】【戈字部】 康熙笔画：9 部外笔画：5 【字彙】俗戒字。				
new030	new	1	殿	𭮺	a	《中華字海》收𭮺為殿異體，音義全同				笔顺	笔顺	● 殿 diàn ㄉㄧㄢˋ 高大的房屋，特指帝王所居和朝会的地方，或供奉神佛的地方。 例如 宫～。宝～。金銮～。～堂。～阁。～上虎（喻敢谏之臣）。～试。 〔～下〕对亲王或太子的敬称。 在最后。 例如 ～后。～军。	【辰集下】【殳字部】 康熙笔画：13 部外笔画：9 【唐韻】【集韻】【韻會】堂練切【正韻】蕩練切， 𠀤 音電。堂高大者。【初學記】《倉頡篇》殿，大堂也。商周以前，其名不載。按《史記·秦始皇本紀》始作前殿。《漢書》則有甘泉、函德、鳳凰、明光、臯門、麒麟、白虎、金華諸殿。歷代殿名或沿或革，惟魏之太極，自晉以降，正殿皆名之。【摯虞·決疑要註】其制有陛，右墄左平。平以文塼相亞次，墄者爲階級也。九錫之禮，納	同“ 殿 ”。			Y		
new031	new	1	穢	𢕺	a	《漢語大字典》《中華字海》收𢕺為穢異體音義全同				笔顺	笔顺	● 穢 huì ㄏㄨㄟˋ 荒蕪；雜草叢生。 《荀子•富國》 ：“民貧，則田瘠以穢，田瘠以穢，則出實不半。” 污濁；肮髒。  《左傳•昭公二十六年》 ：“且天之有彗也，以除穢也。” 弄髒；玷污。漢蔡邕 《女誡》 ：“面一旦不修飾，則塵垢穢之；心一朝不思善，則邪惡入之。” 邪惡；醜陋。 《書•泰誓中》 	【午集下】【禾字部】 康熙笔画：18 部外笔画：13 〔古文〕 𢧹 【廣韻】於廢切【集韻】【韻會】烏廢切， 𠀤 音薉。【說文】蕪也。【徐曰】田中雜草也。【前漢·楊惲傳】蕪穢不治。 又惡也，汙也。【書·盤庚】無起穢以自臭。【左傳·昭二十六年】晏子曰：天之有彗也，以除穢也。 又與薉同。【荀子·天論篇】耘耨失薉。【註】薉穢同。 又叶于列切。【左思·魏都賦】一自以爲禽鳥，一自以爲魚鼈。山阜猥積而崎嶇，泉流	同“ 徻 ”。	【寅集下】【彳字部】 康熙笔画：16 部外笔画：13 【集韻】呼外切，音翽。 𢕺 𢕺 ，室宇顯敞也。				
new032	new	1	羹	𣚧	a	《康熙字典》羊部：𣚧為羹異體，音義全同				笔顺	笔顺	● 羹 gēng ㄍㄥ 用蒸煮等方法做成的糊状、冻状食物。 例如 ～汤。肉～。鸡蛋～。	【未集中】【羊字部】 康熙笔画：19 部外笔画：13 【廣韻】【正韻】古衡切【集韻】【韻會】居行切， 𠀤 音庚。【說文】作 𩱧 。五味和羹也。小篆从羔从美。【爾雅·釋器】肉謂之羹。【註】肉臛也。【疏】肉之所作臛名羹。【書·說命】若作和羹，爾惟鹽梅。【傳】鹽咸梅醋，羹須咸醋以和之。【禮·樂記】大羹不和。【註】大羹，肉湇，不調以鹽菜。 又【云仙雜記】史鳳，宣城妓也。待客有差等，最下者不相見，以閉門羹待	● 𣚧 hào ㄏㄠˋ 一种树。	【辰集中】【木字部】 康熙笔画：16 部外笔画：12 【字彙補】何到切，音號。木也。				
new033	new	1	鹹	𨠽	a	《漢語大字典》《中華字海》以𨠽為鹹異體音義同				笔顺	笔顺	● 鹹 xián ㄒㄧㄢˊ 像鹽的味道，含鹽分多的，與“ 淡 ”相對。 例如 ～味。～鹽。～水湖。 用鹽醃制的。 例如 ～肉。～魚。	【亥集下】【鹵字部】 康熙笔画：20 部外笔画：9 【廣韻】【集韻】【韻會】胡讒切【正韻】胡嵒切， 𠀤 音咸。【說文】鹹，銜也。北方味也。【廣韻】不淡。【韻會】鹽味。【爾雅·釋言】鹹，苦也。【疏】 𧍧 殊極必苦，故以鹹爲苦也。【書·洪範】潤下作鹹。【周禮·天官·醫師】以鹹養脈。 又地名。【春秋·僖十三年】會于鹹。【註】衞地，東郡濮陽縣東南有鹹城。 又【韻會】古斬切，音減。【本草】李時珍曰：鹹音咸者	● 𨠽 chéng ㄔㄥˊ 〈日本释义〉义未详。 见于台湾人名。					
new034	new	1	鼈	𪔀	a	《漢語大字典·黽部》鼈、𪔀俱為鱉異體音義同				笔顺	笔顺	● 鼈 biē ㄅㄧㄝ 同“ 鱉 ”。	【亥集下】【黽字部】 康熙笔画：24 部外笔画：11 【唐韻】幷列切【集韻】【韻會】【正韻】必列切， 𠀤 音鷩。【說文】甲蟲。【玉篇】龜屬。一名神守。一名河伯从事。【埤雅】鼈以眼聽，穹脊連脅，水居陸生。【爾雅翼】鼈卵生，形圓脊穹，四周有。帬易說卦：離爲鼈，爲蟹，爲龜，以其骨在外，肉在內也。周禮冬官考工記，外骨爲龜屬，內骨爲鼈屬，以鼈有肉緣，比龜爲內骨耳。【淮南子·說林訓】鼈無耳，而目不可瞥，精於明	同“ 鳖 ”。	（康熙字典未收录「𪔀」字头，请参考「 鱉 」字：）  【亥集中】【魚字部】 康熙笔画：23 部外笔画：12 【廣韻】幷列切【集韻】必列切。 𠀤 與鼈同。【干祿字書】鱉通鼈。【易·說卦】離爲鱉。【釋文】鱉本又作鼈。【莊子·秋水篇】東海之鱉。【音義】鱉亦作 𪔀 。		Y		
new035	new	1	酈	𮠑	a	《说文》郦从邑丽声，酈𮠑为刀邑旁异体同字				笔顺	笔顺	● 酈 lì ㄌㄧˋ 〔～縣〕古地名，在今中國河南省南陽市西北。	【酉集下】【邑字部】 康熙笔画：26 部外笔画：19 【廣韻】呂支切【集韻】鄰知切， 𠀤 音麗。地名。【春秋·僖元年】敗莒于酈。【註】魯地。 又【唐韻】郞擊切【集韻】【韻會】【正韻】狼狄切， 𠀤 音歷。亦地名。【前漢·高帝紀】偕攻析、酈，皆降。【註】酈，卽菊潭縣。【地理志】屬南陽鄧州內鄕縣。 又姓也。【前漢·高帝紀】酈食其爲里監門。【註】音歷異基。	同“ 酈 ”。			Y		
new036	new	1	駛	𩢶	a	《中華字海》《漢語大字典》：𩢶同駛，史聲，疾也				笔顺	笔顺	● 駛 shǐ ㄕˇ 馬快跑，泛指迅速。 例如 急～。流～。 使行動，開動（多指有發動機的）。 例如 駕～。	【亥集上】【馬字部】 康熙笔画：15 部外笔画：5 【廣韻】疎事切【集韻】【韻會】爽士切【正韻】師止切， 𠀤 音史。【玉篇】疾也。【增韻】馬行疾也。 又【正韻】式至切，音試。與 𩢲 同。	同“ 𩤺 ”。	【亥集上】【馬字部】 康熙笔画：16 部外笔画：6 【集韻】容朱切，音兪。疾也。				
new037	new	1	螭	𧐳	a	《汉语大字典》《异体字字典》收𧐳为螭异体，音义全同。				笔顺	笔顺	● 螭 chī ㄔ 古代传说中一种没有角的龙。古建筑或器物、工艺品上常用它的形状作装饰。 例如 ～头。 同“ 魑 ”，魑魅。	【申集中】【虫字部】 康熙笔画：17 部外笔画：11 【唐韻】丑知切【集韻】【韻會】【正韻】抽知切， 𠀤 音摛。【說文】若龍而黃，北方謂之地螻。或曰無角曰螭。【前漢·司馬相如傳】蛟龍赤螭。【註】文穎曰：螭爲龍子。張揖曰：赤螭，雌龍也。 又螭頭。【唐書·鄭朗傳】朗執筆螭頭下。 又螭紐。【蔡邕·獨斷】天子璽以玉螭虎紐。 又馬名。【西京雜記】文帝自代還，有良馬九匹，一名綠螭驄。 又【唐韻古音】丑戈切。楚	同“ 螰 ”。	【備考】【申集】【虫字部】 康熙笔画：17 部外笔画：11 【篇海類編】同螰。				
new038	new	1	楚	𤴝	a	字書收𤴝為楚之異體，箠楚為一義				笔顺	笔顺	● 楚 chǔ ㄔㄨˇ 落叶灌木，鲜叶可入药。枝干坚劲，可以做杖。亦称“牡荆”。 古代的刑杖，或学校扑责学生的小杖。 例如 捶～。夏～。～掠（拷打）。～挞（拷打）。 中国春秋时国名。 例如 ～天（楚地的天空。因楚在南方，亦泛指南方天空）。～声。～歌（楚人之歌）。～狂。～腰（泛称女子的细腰）。～辞。四	【辰集中】【木字部】 康熙笔画：13 部外笔画：9 〔古文〕 𣕪 【唐韻】【正韻】創舉切【集韻】創阻切， 𠀤 粗上聲。或作䠂。【說文】叢木也。一曰荆。【詩·小雅】楚楚者茨，言抽其棘。【註】楚楚，茨棘貌。 又【詩·召南】翹翹錯薪，言刈其楚。【疏】荆屬。薪雖皆高，楚尤翹翹而高也。 又【禮·學記】夏楚二物，收其威也。【註】楚，荆也。扑撻犯禮者。 又萇楚，草名。羊桃也。【詩·檜風】隰有萇楚，猗儺其枝。 又	同“ 疐 ”。	【備考】【午集】【疋字部】 康熙笔画：13 部外笔画：8 【篇韻】陟利切，音智。				
new039	new	1	直	𮂔	a	《漢語大字典》《異體字字典》以𮂔為直異體				笔顺	笔顺	● 直 zhí ㄓˊ 不弯曲。 例如 ～线。～角。～径。～立。～截了当。～觉（ jué ）。～观。 把弯曲的伸开。 例如 ～起腰来。 公正合理。 例如 是非曲～。理～气壮。耿～。正～。 爽快，坦率。 例如 ～爽。～率（ shuài ）。～谏。～诚。～言不讳。 一个劲儿地，连续不断。 例如 一～走。～	【午集中】【目字部】 康熙笔画：8 部外笔画：3 〔古文〕 𣓟 𣖴 【唐韻】除力切【集韻】逐力切， 𠀤 音値。【說文】正見也。【博雅】正也。【玉篇】不曲也。【易·坤卦】直其正也。【書·洪範】王道正直。 又準當也。【禮·投壺】馬各直其算。【史記·平準書】以白鹿皮爲皮幣，直四十萬。 又【增韻】當也。【儀禮·士冠禮】主人立于阼階下，直東序西面。【疏】謂當堂上東序牆也。 又伸也。【孟子】枉尺而直尋。 又【	同“ 福 ”。					
new040	new	1	省	𦕉	a	《漢語大字典》《異體字字典》皆收𦕉為省異體				笔顺	笔顺	● 省 shěng ㄕㄥˇ 地方行政区域。 例如 ～份。～会。 节约，不费。 例如 ～钱。～事。～吃俭用。 简易，减免。 例如 ～略。～称。～写。 中国古官署名。 例如 中书～（①魏晋开始设置，总管国家政务，历代有所沿革，唐初设“中书、尚书、门下”三省共管政事；②元代“中书省”兼管“尚书省”的职权，	【午集中】【目字部】 康熙笔画：9 部外笔画：4 〔古文〕 𡮀 䁞【唐韻】【集韻】【韻會】【正韻】 𠀤 息幷切，騂上聲。【說文】視也。【爾雅·釋詁】察也。【易·觀卦】先王以省方觀民設敎。【論語】吾日三省吾身。 又【廣韻】審也。【正字通】明也。【列子·楊朱篇】實僞之辨，如此其省也。 又孟孫陽曰：一毛微於肌膚，肌膚微於一節，省矣。 又【爾雅·釋詁】善也。【詩·大雅】帝省其山。【箋】省，善也。【禮·大傳	● 𦕉 shā ㄕㄚ 义未详。	【備考】【未集】【耳字部】 康熙笔画：10 部外笔画：4 【搜眞玉鏡】音沙。				
new041	new	1	驢	𩥈	a	《漢語大字典》《中華字海》均收𩥈為驢異體				笔顺	笔顺	● 驢 lǘ ㄌㄩˊ 见“ 驴 ”。	【亥集上】【馬字部】 康熙笔画：26 部外笔画：16 【唐韻】力居切【集韻】【韻會】【正韻】凌如切， 𠀤 音廬。【玉篇】似馬長耳。【正字通】驢長頰廣額修尾，有褐白黑三色，以午及五更初而鳴，協漏刻。 又【正字通】女眞遼東出野驢，似驢，色駁，人食之。 又【合璧事類】鼳鼠，秦人謂之小驢。鼳鼠原从鼠从具作。	● 𩥈 wēn ㄨㄣ 𩥈 驪，駿馬。	【亥集上】【馬字部】 康熙笔画：20 部外笔画：10 【廣韻】烏渾切【集韻】烏昆切， 𠀤 音溫。【玉篇】 𩥈 驪，駿馬。				
new042	new	1	勫	翻	b	《廣韻》《集韻》勫同飜，為翻異體，佛經勫譯即翻譯				笔顺	笔顺	● 勫 fān ㄈㄢ 强健。	【子集下】【力字部】 康熙笔画：14 部外笔画：12 【集韻】方煩切，音蕃。健也。	● 翻 fān ㄈㄢ 歪倒（ dǎo ），反转，变动位置，改变。 例如 推～。～车。～卷。～滚。～腾。～工。～阅。～身。～地。～修。～建。～改。～脸。人仰马～。～江倒海（形容水势浩大，多喻力量或气势非常壮大）。～云覆雨（喻反覆无常或玩弄手段）。 数量成倍的增加。 例如 ～番。 越过。 例如 ～越。 	【未集中】【羽字部】 康熙笔画：18 部外笔画：12 【廣韻】【集韻】孚袁切【韻會】浮袁切【正韻】孚艱切， 𠀤 音番。【說文·新附字】飛也。【張衡·西京賦】衆鳥翩翻。 又【增韻】反覆也。通作幡。 又通作反。 又【韻補】叶孚愔切【鄭曼季·贈陸雲詩】鴛鴦于飛，徘徊翩翻。載頡載頏，命侶鳴羣。 又【韻補】叶孚焉切，西京賦與旃同叶。　【集韻】或作飜。亦作拚。				
new043	new	1	碾	𥖨	a	从石展声同源，𥖨为碾之异体				笔顺	笔顺	● 碾 niǎn ㄋㄧㄢˇ 把东西轧碎或压平的器具。 例如 ～子。石～。汽～。 轧。 例如 ～米。～坊（亦作“碾房”）。	【午集下】【石字部】 康熙笔画：15 部外笔画：10 【正字通】俗 𥑊 字。字彙同輾，非。	● 𥖨 zào ㄗㄠˋ 地名用字。如： 𥖨 头， 𥖨 口， 𥖨 里，石家 𥖨 。均在江西省修水县、铜鼓县一带。多为两山夹溪之处，溪心或溪岸多是岩石。					
new044	new	1	勒	𩉜	null	未见《汉语大字典》等明确𩉜为勒异体				笔顺	笔顺	● 勒 lè ㄌㄜˋ 套在牲畜上带帽子的笼头。 例如 马～。 收住缰绳不使前进。 例如 悬崖～马。 强制。 例如 ～令。～索。 统率。 例如 ～兵。 雕刻。 例如 ～石。～碑。～铭。 ● 勒 lēi ㄌㄟ 用绳子等捆住和套住，然后用力拉紧。 例如 ～紧。 方言，强制，逼迫。	【子集下】【力字部】 康熙笔画：11 部外笔画：9 【唐韻】盧則切【集韻】【韻會】【正韻】歷德切， 𠀤 楞入聲。【說文】馬頭絡銜也。从革，力聲。一說馬轡也，有銜曰勒，無曰羈。【釋名】絡也。絡其頭而引之。【玉篇】馬鑣銜也。【前漢·匈奴傳】鞌勒一具。 又【增韻】抑也。【玉篇】抑，勒也。 又刻也。【禮·月令】孟冬，命工師效功，物勒工名，以考其誠。【註】刻名于器，以備考驗。 又【廣韻】石虎諱勒，呼馬勒爲轡	“ 鞿 ”的类推简化字。 → “ ⿰革亢 ”的讹字。	【備考】【戌集】【革字部】 康熙笔画：11 部外笔画：2 【龍龕】音吭。				
new045	new	1	盧	𭾐	a	《異體字字典》𭾐同盧，范陽盧氏郡望可證				笔顺	笔顺	● 盧 lú ㄌㄨˊ 飯器。 《説文•皿部》 ：“盧，飯器也。” 火爐。後作“ 鑪 ”、“ 爐 ”。 《正字通•皿部》 ：“盧，盛火器。或作鑪、爐。” 酒家安放盛酒器的土壇。後作“ 壚 ”。 《集韻•模韻》 ：“盧，賣酒區。” 黑色。 《書•文侯之命》 ：“盧弓一，盧矢百。” 黑土。 《釋名•釋地》	【午集中】【皿字部】 康熙笔画：16 部外笔画：11 【唐韻】洛乎切【集韻】【正韻】龍都切【韻會】籠都切， 𠀤 路平聲。【說文】飯器也。【字彙】盛火器也。【六書正譌】別作鑪爐，非。 又與鑪罏壚 𠀤 通。【類篇】賣酒區也。【前漢·食貨志】令官作酒，率開　盧以賣。 又【司馬相如傳】文君當盧。【註】累土爲盧，以居酒瓮，四邊隆起，其一面高，形如鍜盧。【史記】作當鑪。【晉書·阮籍傳】作當罏。【王戎傳】作酒壚	同“ 卢 ”。					
new046	new	1	晉	𫞄	a	《康熙字典》《異體字字典》收𫞄為晉異體				笔顺	笔顺	● 晉 jìn ㄐㄧㄣˋ 進。如：晉京；晉謁。 《爾雅•釋詁下》 ： 「晉，進也。」 升，升級。如：晉級。 《清史稿•桂中行傳》 ： 「以功晉知府。」 六十四卦之一。卦形為䷢，坤下離上。 《易•晉》 ： 「晉，康侯用錫馬蕃庶，晝日三接。」 內；裡面。 《韓非子•外儲説左下》 ： 「孟獻伯相魯，……食	【辰集上】【日字部】 康熙笔画：10 部外笔画：6 【唐韻】【集韻】【韻會】 𠀤 卽刃切。【說文】作㬜，進也，日出萬物進也。【類篇】隸省作晉。【易·晉卦】晉，進也。【疏】以今釋古，古之晉字，卽以進長爲義。【又】明出地上晉。 又【周禮·春官·典瑞】王晉大圭。【疏】晉，插也。 又【周禮·夏官·田僕】凡田，王提馬而走，諸侯晉大夫馳。【註】晉，猶抑也。 又【周禮·地官·鼓人】以晉鼓鼓金奏。【註】晉鼓長六尺	● 𫞄 jìn ㄐㄧㄣˋ 同“ 晉 ”。			Y		
new047	new	1	韓	𩋾	a	《漢語大字典》《中華字海》收𩋾為韓異體，音義全同可互換				笔顺	笔顺	● 韓 hán ㄏㄢˊ 水井周圍的護欄。 《說文·韋部》 ：“韓，井垣也。” 古國名。① 西周封國：周武王分封的姬姓諸侯國，位於今山西省河津市東北。 《詩·大雅·韓奕序》 ：“ 《韓奕》 ，尹吉甫美宣王也。”② 戰國七雄：韓虔侯與魏、趙三家分晉後建立的諸侯國，位於今山西省東南角與河南省中部。 《韓非	【戌集中】【韋字部】 康熙笔画：17 部外笔画：8 【唐韻】【集韻】胡安切【韻會】【正韻】河干切， 𠀤 音寒。【說文】井垣也。从韋，取其帀也。幹聲。 又國名。【詩·大雅·韓奕箋】韓，姬姓之國也，後爲晉所滅，故大夫韓氏以爲邑名。【左傳·桓三年】韓萬御戎。【韻會】曲沃桓公之子萬，食邑于韓，後分晉爲國。 又三韓，國名，辰韓，弁韓，馬韓也。見【後漢·東夷傳】。 又【廣韻】姓也。【韻會】秦滅韓，以國爲氏。 	同“ 韡 ”。	【備考】【戌集】【革字部】 康熙笔画：18 部外笔画：9 【龍龕】音韋。疑同韋。				
new048	new	1	陷	𨹿	a	《漢語大字典》𨹿為陷異體音義全同				笔顺	笔顺	● 陷 xiàn ㄒㄧㄢˋ 掉进，坠入，沉下。 例如 ～落。～没（ mò ）。～溺。～于。～入。 为捉野兽挖的坑。 例如 ～坑。～阱。 凹进。 例如 双眼深～。 设计害人。 例如 ～害。诬～。～人于罪。 攻破，占领。 例如 失～。沦～。 缺点。 例如 缺～。	【戌集中】【阜字部】 康熙笔画：16 部外笔画：8 【唐韻】戸韽切【集韻】【韻會】【正韻】乎韽切， 𠀤 音䐄。【說文】高下也。一曰陊也。【玉篇】墜入地也，沒也，隤也。【易·需彖】剛健而不陷。【史記·灌夫傳】戰常陷堅。 又【魯語】子服景伯戒宰人曰：陷而入於恭。【註】猶失過也。　【玉篇】亦作錎。【集韻】同埳。【篇海】亦作 𨺂 。	同“ 隆 ”。	【戌集中】【阜字部】 康熙笔画：16 部外笔画：8 【海篇】同隆。				
new049	new	1	蒙	𫎇	a	《漢語大字典》《中華字海》收𫎇為蒙異體				笔顺	笔顺	● 蒙 mēng ㄇㄥ （ 矇） 欺骗。 例如 ～骗。～哄。～事。欺上～下。 昏迷，眼发黑。 例如 ～头转向。 胡乱猜测。 例如 瞎～。 ● 蒙 méng ㄇㄥˊ （ 矇） 没有知识，愚昧。 例如 启～。发～。～昧。 遮盖起来。 例如 ～罩。～子。～蔽。 受。 例如 承～。～难。～尘。～垢。 形容雨	【申集上】【艸字部】 康熙笔画：16 部外笔画：10 【唐韻】莫紅切【集韻】謨蓬切， 𠀤 音濛。【爾雅·釋草】蒙，王女也。【註】女蘿別名。 又【詩傳】唐蒙，菜名。 又大蒙，藥名。【管子·地員篇】羣藥安生，小辛大蒙。 又【易疏】蒙者，微昧闇弱之名。【書·洪範傳】蒙，隂闇也。 又【左傳·昭元年】又使圍蒙其先君。【註】欺也。 又【左傳·昭十三年】晉人執季孫意如，以幕蒙之。【註】裹也。 又【前漢·宣帝紀】	● 𫎇 mēng ㄇㄥ 同“ 蒙 ”。			Y		
new050	new	1	郡	𨜐	a	《漢語大字典》《中華字海》收𨜐為郡異體，音義全同。				笔顺	笔顺	● 郡 jùn ㄐㄩㄣˋ 古代行政区域，中国秦代以前比县小，从秦代起比县大。 例如 ～县。秦分天下为三十六～。	【酉集下】【邑字部】 康熙笔画：14 部外笔画：7 【唐韻】渠運切【集韻】【韻會】【正韻】具運切， 𠀤 羣去聲。【釋名】郡，羣也。人所羣聚也。【韻會】《說文》云：周制，天子地方千里，分爲百縣，縣有四郡，是縣大而郡小也。秦幷天下，置三十六郡，以統其縣。漢遂因之。自隋唐以來，廢置不一。宋元設府于州，明制屬州於府，而郡之名遂廢。	● 𨜐 xǐ ㄒㄧˇ 汉代诸侯国名。	【酉集下】【邑字部】 康熙笔画：16 部外笔画：9 【集韻】想止切，音璽。漢侯國名。				
new051	new	1	撫	𫞶	a	《異體字字典》𫞶為撫之異體音義全同				笔顺	笔顺	● 撫 fǔ ㄈㄨˇ 慰問。 例如 ～恤（安慰和賙濟）。～慰。安～。～愛。 扶持，保護。 例如 ～養成人。 輕輕地按着。 例如 ～摩。～摸。～琴（彈琴）。～今追昔。 同“ 拊 ”。	【卯集中】【手字部】 康熙笔画：16 部外笔画：12 〔古文〕 𨑟 【唐韻】芳武切【集韻】【韻會】斐父切， 𠀤 音捬。【說文】安也。【增韻】慰勉也。【禮·文王世子】西方有九國焉，君王其終撫諸。【註】撫猶有也。【疏】撫爲存撫，故爲有也。【左傳·文十二年】鎭撫其社稷。 又【說文】一曰循也。【書·臯陶謨】撫于五辰。 又【廣韻】持也。 又按也。【禮·曲禮】君撫僕之手。【又】客跪撫席而辭。【疏】以手按止之也	● 𫞶 fǔ ㄈㄨˇ 同“ 撫 ”。			Y		
new052	new	1	翔	𦒢	a	《漢語大字典》《異體字字典》收𦒢為翔異體音義全同				笔顺	笔顺	● 翔 xiáng ㄒㄧㄤˊ 〔～实〕详细而确实。 盘旋地飞而不扇动翅膀。 例如 滑～。翱～。	【未集中】【羽字部】 康熙笔画：12 部外笔画：6 【廣韻】似羊切【集韻】【韻會】【正韻】徐羊切， 𠀤 音詳。【說文】回飛也。【爾雅·釋鳥】鳶烏醜，其飛也翔。【註】布翅翱翔。【易·豐卦】天際翔也。【詩·鄭風】河上乎翱翔。 又【禮·曲禮】室中不翔。【註】行而張拱曰翔。 又【禮·玉藻】朝廷濟濟翔翔。【註】莊敬貌。 又【禮·三年問】過其故鄉回翔焉。 又【周禮·冬官考工記·矢人】前弱則俛，後弱則翔。【註】	● 𦒢 áo ㄠˊ 同“ 翱 ”。	【未集中】【羽字部】 康熙笔画：20 部外笔画：14 【廣雅】俗翺字。				
new053	new	1	高	𡨈	a	《漢語大字典》𡨈為高異體，上下文高麗可證				笔顺		● 高 gāo ㄍㄠ 由下到上距离大的，与“ 低 ”相对。 例如 ～峰。～空。～踞。～原。～耸。～山流水（喻知己、知音或乐曲高妙）。～屋建瓴（形容居高临下的形势）。～瞻远瞩。 高度。 例如 他身～一米八。 等级在上的。 例如 ～级。～考。 在一般标准或平均程度之上。 例如 ～质量。～消费。～价。～档	【亥集上】【高字部】 康熙笔画：10 【廣韻】古勞切【集韻】【韻會】居勞切， 𠀤 音羔。【說文】崇也。象臺觀高之形。从冂口。與倉舍同意。【易·繫辭】 𤰞 高以 𨻰 ，貴賤位矣。【註】高謂天體也。【又】崇高莫大乎富貴。 又【史記·高祖紀註】張晏曰：禮諡法，無高以爲功，最高而爲漢帝之太祖，故特起名焉。 又地名。【前漢·地理志】沛郡高縣。 又姓。【史記·仲尼弟子傳】高柴。 又【集韻】【韻會】 𠀤 居号切						fetch_failed
new054	new	1	扇	𦒃	a	《漢語大字典》《康熙字典》收𦒃為扇異體				笔顺	笔顺	● 扇 shàn ㄕㄢˋ 摇动生风取凉的用具。 例如 ～子。～坠（扇柄下端的装饰物）。～面儿。～形。 指板状或片状的屏。 例如 门～。隔～。 量词，用于门窗等。 例如 一～门。 ● 扇 shān ㄕㄢ 摇动扇子或其它东西，使空气加速流动成风。 例如 用扇子～。 鼓动别人去做不应该做的事。 例如 ～动	【卯集中】【户字部】 康熙笔画：10 部外笔画：6 【唐韻】【集韻】【韻會】【正韻】 𠀤 式戰切，羶去聲。【說文】扉也。从戶从翅省聲。【禮·月令】乃修闔扇。 又箑也。【揚子·方言】自關而東謂之箑。自關而西謂之扇。一名搊。【崔豹古今注】舜作五明扇。 又【爾雅·釋蟲】蠅醜扇。【註】醜類也，蠅類好搖翅自扇。 又【韻補】叶尸連切，音羶。【束皙·補亡詩】四時逓謝，八風代扇。纖阿案晷，星變其躔。	同“ 䎕 ”。	【未集中】【羽字部】 康熙笔画：17 部外笔画：11 【集韻】䎕，亦作 𦒃 。詳䎕字註。				
new055	new	1	䨱	覆	b	《集韻》《漢語大字典》：䨱芳六切，同覆，蓋也				笔顺	笔顺	● 䨱 fù ㄈㄨˋ 同“ 覆 ”。	【戌集中】【雨字部】 康熙笔画：20 部外笔画：12 【集韻】芳福切，音腹。覆水也。	● 覆 fù ㄈㄨˋ 遮盖，蒙。 例如 ～盖。～溺。～蔽。～被（遮盖，喻恩荫）。～庇。 翻，倾倒，败，灭。 例如 ～舟。颠～。～灭。～辙（翻过车的道路，喻曾经失败的做法）。～没（ mò ）。～水难收。～巢无完卵（喻灭门之祸，无一得免，亦喻整体覆灭，个人不能幸存）。前车之～，后车之鉴。 同“ 复 ”	【申集下】【襾字部】 康熙笔画：18 部外笔画：12 【唐韻】芳福切【集韻】【韻會】芳六切， 𠀤 音蝮。【玉篇】反覆也。【詩·小雅】不懲其心，覆怨是正。【禮·月令】季春，命舟牧覆舟，五覆五反，乃告舟備具于天子。 又倒也。【易·鼎卦】鼎折足，覆公餗。【書·胤征】顚覆厥德。 又敗也。【中庸】傾者覆之。【綱目集覽】覆，軍敗也。 又中覆。【前漢·馮唐傳】賞賜決于外，不從中覆也。【註】覆謂覆白之也。 又射覆	Y			
new056	new	1	栽	𦁋	a	《漢語大字典》《異體字字典》𦁋係栽異體				笔顺	笔顺	● 栽 zāi ㄗㄞ 移植。 例如 ～树。～植。～花。～培。 安上，插上。 例如 ～绒。～赃。 秧子，可以移植的植物的幼苗。 例如 桃～。树～子。 跌倒。 例如 ～跟头。 指失败或出丑。	【辰集中】【木字部】 康熙笔画：10 部外笔画：6 【唐韻】祖才切【集韻】【韻會】【正韻】將來切， 𠀤 音哉。【說文】作 𣒭 ，草木之殖曰栽。【中庸】栽者培之。 又穉曰栽，長曰樹。【廣韻】種也。 又【博雅】栽閣也。 又【唐韻】【集韻】【韻會】昨代切【正韻】作代切， 𠀤 音再。【說文】築牆長板。【左傳·桓五年】水昏正而栽。【註】設築板。　俗作㘽，非。	同“ 织 ”。	【未集中】【糸字部】 康熙笔画：14 部外笔画：8 【集韻】織，古作 𦁋 。註見十二畫。				
new057	new	1	背	𦙟	a	𦙟係背之異體，見漢語大字典、異體字字典				笔顺	笔顺	● 背 bèi ㄅㄟˋ 人体后面从肩到腰的部分。 例如 ～脊。～包。～影。 物体的后面或反面。 例如 ～面。刀～。～后。～景。 用背部对着，与“ 向 ”相对。 例如 ～光。人心向～。 向相反的方向。 例如 ～地性（植物向上生长的性质）。～道而驰。 避开，离开。 例如 ～地。～井离乡。 凭记忆读出。 	【未集下】【肉字部】 康熙笔画：11 部外笔画：5 【唐韻】【韻會】補妹切【正韻】邦昧切， 𠀤 音輩。【說文】 𦟝 也。从肉北聲。【韻會】身北曰背。【玉篇】背脊。【正字通】身之隂也。【釋名】背，倍也，在後稱也。【易·艮卦】艮其背。【註】背者，無見之物也。 又手背。【周禮·冬官考工記·弓人】合灂若背手文。 又壽也。【爾雅·釋詁】背，壽也。【詩·大雅】黃耉台背。 又【魯頌】黃髮台背。【傳】台背，皆壽徵	同“ 脐 ”。 同“ 齐 ”。	【備考】【未集】【肉字部】 康熙笔画：10 部外笔画：4 【龍龕】同臍。				
new058	new	1	福	𧹭	a	《漢語大字典》《康熙字典》：𧹭為福異體，音義全同				笔顺	笔顺	● 福 fú ㄈㄨˊ 一切顺利，幸运，与“ 祸 ”相对。 例如 ～气。享～。造～。祝～。～利。～音。～相。作威作～（原指统治者专行赏罚，独揽威权。后形容滥用权势，横行霸道）。 旧时妇女行礼的姿势。 例如 万～。 祭神的酒肉。 例如 ～食。～酒。～物。 保祐。 例如 “小信未孚，神弗～也”。～荫。～佑	【午集下】【示字部】 康熙笔画：14 部外笔画：9 〔古文〕畗【唐韻】【集韻】【韻會】 𠀤 方六切，膚入聲。祐也，休也，善也，祥也。【禮·祭統】福者，備也。【易·謙卦】鬼神害盈而福謙。【書·洪範】嚮用五福。 又【釋名】福，富也。其中多品如富者也。 又祭祀胙肉曰福。【周禮·天官·膳夫】祭祀之致福者，受而膳之。【穀梁傳·僖十年】祠致福於君。 又福猶同也。【張衡·西京賦】仰福帝居，陽曜隂藏。【薛註】言今	● 𧹭 xù ㄒㄩˋ 赭色。	【酉集中】【赤字部】 康熙笔画：16 部外笔画：9 【廣韻】况逼切【集韻】忽域切， 𠀤 音洫。赭色。【玉篇】絳色似雀頭色。				
new059	new	1	幞	𢢜	a	《漢語大字典》《龍龕手鑑》巾部𢢜同幞為幞頭異體				笔顺	笔顺	● 幞 fú ㄈㄨˊ 〔～头〕古代男子用的一种头巾。 同“ 袱 ”。	【寅集中】【巾字部】 康熙笔画：15 部外笔画：12 【唐韻】房玉切【集韻】【韻會】逢玉切， 𠀤 音襆。【說文】帊也。【集韻】帕也。【玉篇】巾幞。【廣韻】幞頭，周武帝所製。裁幅巾，出四脚以幞頭，乃名焉。【唐書·車服志】幞頭起於後周，便武事者也。【二儀實錄】古以皂羅三尺裹頭，號頭巾，三代皆冠。列品黔首，以皁絹裹發。至周武帝，依古三尺裁爲幞頭，唐馬周交解爲之。【朱子·語類】唐人幞頭，初止以紗爲之。後以	● 𢢜 yè ㄧㄝˋ 恐惧。	【卯集上】【心字部】 康熙笔画：17 部外笔画：13 【廣韻】【正韻】魚怯切【集韻】【韻會】逆怯切， 𠀤 音業。懼也，危也。　【集韻】通作業。				
new060	new	1	易	𣆄	a	《汉语大字典》《异体字字典》收𣆄为易异体，音义全同。				笔顺	笔顺	● 易 yì ㄧˋ 不费力，与“ 难 ”相对。 例如 容～。～与（容易对付）。～于。 和悦。 例如 平～（①态度谦逊和蔼；②指语言文字浅显）。 改变。 例如 ～手。～地。变～。 交换。 例如 交～。贸～。 轻慢。 例如 贵货～土。 芟治草木。 例如 ～墓（除治墓地的草木）。～其田畴。 古书名， 《易	【辰集上】【日字部】 康熙笔画：8 部外笔画：4 【唐韻】羊益切【集韻】【韻會】【正韻】夷益切， 𠀤 音亦。【說文】蜥易，蝘蜓，守宮也。象形。祕書說：日月爲易，象隂陽也。【易·繫辭】《易》者，象也。【疏】《易》卦者，爲萬物之形象。【又】生生之謂易。【註】隂陽轉易，以成化生。【疏】隂陽變轉。【周禮·春官·大卜】掌三《易》之灋：一曰《連山》，二曰《歸藏》，三曰《周易》。【註】易者，揲蓍變易之數，可占者	同“ 昜 ”。	（康熙字典未收录「𣆄」字头，请参考「 昜 」字：）  【辰集上】【日字部】 康熙笔画：9 部外笔画：5 【唐韻】與章切【集韻】余章切【正韻】移章切， 𠀤 音陽。【說文】開也。从日一勿。一曰飛揚。一曰長也。一曰彊者，衆貌。 又【佩觽集】光也。 又【前漢·地理志】交趾郡曲昜縣。【師古註】昜，古陽字。				
new061	new	1	馬	𫠉	a	《中華字海》《漢語大字典》收𫠉為馬異體				笔顺	笔顺	● 馬 mǎ ㄇㄚˇ 哺乳動物，頸上有鬃，尾生長毛，四肢強健，善跑，供人騎或拉東西。 《易•屯》 ：“六二，屯如邅如，乘馬班如。” “碼”的古字。籌碼。 《禮記•投壺》 ：“勝飲不勝者，正爵既行，請為勝者立馬。” 方言。發怒時把臉拉長像馬臉。章炳麟 《新方言•釋言》 ：“今荆州謂面含怒色為馬起臉。”	【亥集上】【馬字部】 康熙笔画：10 〔古文〕 𢒠 𩡬 𢒗 【唐韻】【正韻】莫下切【集韻】【韻會】母下切， 𠀤 麻上聲。【說文】怒也，武也。象馬頭髦尾四足之形。【玉篇】黃帝臣相乗馬。馬，武獸也，怒也。【正韻】乗畜。生於午，稟火氣。火不能生木，故馬有肝無膽。膽，木之精氣也。木臓不足，故食其肝者死。【易·說卦傳】乾爲馬。【疏】乾象天，天行健，故爲馬。【春秋·說題辭】地精爲馬。【春秋·考异記】地生月精爲	● 𫠉 mǎ ㄇㄚˇ 同“ 馬 ”。			Y		
new062	new	1	瓠	𤬏	a	《汉语大字典》瓠条收𤬏为异体音义同				笔顺	笔顺	● 瓠 hù ㄏㄨˋ 〔～子〕①一年生草本植物，茎蔓生，夏天开白花，果实长圆形，嫩时可食；②这种植物的果实。 ● 瓠 hú ㄏㄨˊ 瓦壶。 ● 瓠 huò ㄏㄨㄛˋ 〔～落〕大；空阔。	【午集上】【瓜字部】 康熙笔画：11 部外笔画：6 【廣韻】戸吳切【集韻】【韻會】【正韻】洪孤切， 𠀤 音胡。【廣韻】瓠 𤬜 ，瓢也。【詩·小雅】幡幡瓠葉，采之亨之。【前漢·食貨志】菜茹有畦，瓜瓠果蓏。【正字通】瓜類分甘苦二種，甘者大，苦者小。陶弘景曰：瓠或有苦者，味如膽，不可食，非別生一種也。 又陸佃 𡌨 雅，長而瘦上曰匏，短頸大腹曰瓠。瓠性甘。匏性苦。故詩曰匏有苦葉。左傳叔向曰：苦匏不材于人，	● 𤬏 lóu ㄌㄡˊ 见“ 𤫱 ”。	【午集上】【瓜字部】 康熙笔画：15 部外笔画：10 【集韻】郞豆切，音屚。【爾雅·釋草鉤藈姑註】鉤 𤬏 也。一名王瓜，實如瓝瓜，正赤味苦。【博雅】 𤫱 𤬏 ，王瓜也。 又【正字通】瓠 𤬏 與瓠類相似，而形實別。蘇恭曰：瓠形似越瓜，長尺許，夏中熟，秋末枯。瓠 𤬏 狀大小非一，夏末始實，秋中方熟，霜後堪爲器。 又【本草】李時珍曰：栝樓作 𦸈 𧁾 ，轉爲瓜蔞。亦名天樓，地樓，其根卽天花粉。今俗作瓜 𤬏		Y		
new063	new	1	㡬	幾	b	《漢語大字典》《異體字字典》㡬為幾之異體音義全同				笔顺	笔顺	同“ 几 ”。	（康熙字典未收录「㡬」字头，请参考「 幾 」字：）  【寅集下】【幺字部】 康熙笔画：12 部外笔画：9 〔古文〕 𢆻 𢆼 【唐韻】居衣切【集韻】【韻會】居希切， 𠀤 音機。【說文】微也。【易·繫辭】幾者，動之微吉之先見者也。【書·臯陶謨】兢兢業業，一日二日萬幾。【傳】言當戒懼萬事之微。 又【說文】殆也，从 𢆶 ，从戍。戍，兵守也。 𢆶 而兵守者危也。【爾雅·釋詁】幾，危也。【註】幾，猶殆也。【詩	● 幾 jī ㄐㄧ 細微。見“幾希”、“幾微”等條。 危殆、危險。 《詩經•大雅•瞻卬》 ：“天之降罔，維其幾矣。” 將近、相去不遠。如：“幾及”、“庶幾”。 《史記•卷五十五•留侯世家》 ：“漢王輟食吐哺，罵曰：‘豎儒！幾敗而公事！’” 豈。 《史記•卷九十一•黥布傳》 ：“人相我當刑而王，幾是乎	【寅集下】【幺字部】 康熙笔画：12 部外笔画：9 〔古文〕 𢆻 𢆼 【唐韻】居衣切【集韻】【韻會】居希切， 𠀤 音機。【說文】微也。【易·繫辭】幾者，動之微吉之先見者也。【書·臯陶謨】兢兢業業，一日二日萬幾。【傳】言當戒懼萬事之微。 又【說文】殆也，从 𢆶 ，从戍。戍，兵守也。 𢆶 而兵守者危也。【爾雅·釋詁】幾，危也。【註】幾，猶殆也。【詩·大雅】天之降罔，維其幾矣。 又【玉篇】期也。【詩·小	Y			
new064	new	1	殃	𣧎	a	《異體字字典》殃部：𣧎為殃之異體，音義全同。				笔顺	笔顺	● 殃 yāng ㄧㄤ 祸害。 例如 灾～。遭～。城门失火，～及池鱼（喻牵连受害）。 损害。 例如 祸国～民。	【辰集下】【歹字部】 康熙笔画：9 部外笔画：5 〔古文〕 𥙏 【唐韻】【廣韻】【集韻】【類篇】【韻會】【正韻】 𠀤 於良切，音央。【說文】咎也。一曰禍也，罰也，敗也。【書·伊訓】作不善，降之百殃。【周禮·天官·女祝】掌以時招梗禬禳之事，以除疾殃。 又【集韻】於郞切，音鴦。義同。	● 𣧎 guì ㄍㄨㄟˋ 急。 〔～～〕死貌。	【辰集下】【歹字部】 康熙笔画：8 部外笔画：4 【廣韻】古惠切【集韻】涓惠切， 𠀤 音桂。【博雅】極也。一曰 𣧎 𣧎 ，極 𣧂 也。死貌。				
new065	new	1	議	𧫟	a	《教育部異體字字典》收𧫟為議之異體，音義全同				笔顺	笔顺	● 議 yì ㄧˋ 见“ 议 ”。	【酉集上】【言字部】 康熙笔画：20 部外笔画：13 【唐韻】【集韻】【韻會】 𠀤 宜寄切，音義。【說文】語也。【徐曰】定事之宜也。【廣雅】言也，謀也。【廣韻】評也。【正韻】謪也。【易·節卦】君子以制數度議德行。【書·周官】議事以制。【禮·曲禮】公事不私議。【莊子·齊物論】六合之內，聖人論而不議。【文中子·問易篇】議其盡天下之心乎。【註】續書有議。 又【廣韻】擇也。【儀禮·有司徹】乃議侑于賔以異姓	同“ 謑 ”。	【酉集上】【言字部】 康熙笔画：18 部外笔画：11 【類篇】同謑。本作䜁。				
new066	new	1	寧	𫝱	a	《漢語大字典》《異體字字典》以𫝱為寧異體				笔顺	笔顺	● 寧 níng ㄋㄧㄥˊ 平安，安定。 例如 ～靜。～謐。息事～人。 已嫁的女子或在外子女回家省視父母。 例如 ～親。歸～。 守父母之喪，喪假。 例如 “前博士弟子父母死，予～三年”。 中國江蘇省南京市的別稱。 中國寧夏回族自治區的簡稱。 ● 寧 nìng ㄋㄧㄥˋ 情願。 例如 ～肯。～死不屈。	【寅集上】【宀字部】 康熙笔画：14 部外笔画：11 〔古文〕寍【唐韻】奴丁切【集韻】【韻會】囊丁切【正韻】奴經切， 𠀤 佞平聲。【說文】願詞也。从丂，寍聲。 又安也。【易·乾卦】首出庶物，萬國咸寧。【詩·大雅】文王有聲，遹求厥寧。【書·康誥】裕乃以民寧。【註】行寬政，乃以安民也。 又【書·洪範】五福，三曰康寧。【註】無疾病也。 又女嫁歸省父母曰寧。【詩·周南】歸寧父母。 又予寧居喪也。【前漢·哀	● 𫝱 níng ㄋㄧㄥˊ 同“ 寧 ”。			Y		
new067	new	1	背	𦙼	a	《漢語大字典·肉部》以𦙼為背異體				笔顺	笔顺	● 背 bèi ㄅㄟˋ 人体后面从肩到腰的部分。 例如 ～脊。～包。～影。 物体的后面或反面。 例如 ～面。刀～。～后。～景。 用背部对着，与“ 向 ”相对。 例如 ～光。人心向～。 向相反的方向。 例如 ～地性（植物向上生长的性质）。～道而驰。 避开，离开。 例如 ～地。～井离乡。 凭记忆读出。 	【未集下】【肉字部】 康熙笔画：11 部外笔画：5 【唐韻】【韻會】補妹切【正韻】邦昧切， 𠀤 音輩。【說文】 𦟝 也。从肉北聲。【韻會】身北曰背。【玉篇】背脊。【正字通】身之隂也。【釋名】背，倍也，在後稱也。【易·艮卦】艮其背。【註】背者，無見之物也。 又手背。【周禮·冬官考工記·弓人】合灂若背手文。 又壽也。【爾雅·釋詁】背，壽也。【詩·大雅】黃耉台背。 又【魯頌】黃髮台背。【傳】台背，皆壽徵	同“ 胔 ”。	【未集下】【肉字部】 康熙笔画：11 部外笔画：5 【字彙補】此移切，音雌。子腸也。				
new068	new	1	瘞	𤸻	a	《漢語大字典》《康熙字典》𤸻為瘞異體，音義同				笔顺	笔顺	● 瘞 yì ㄧˋ 埋。 《詩•大雅•雲漢》 ：“上下莫瘞，靡神不宗。 隱藏。 《新唐書•魏徵傳》 ：“大理卿馬曙有犀鎧數十首，懼而瘞之。” 墳墓。 《後漢書•獨行傳•范式》 ：“時式出行適還，省書見瘞，愴然感之，向墳揖哭，以為死友。”	【午集中】【疒字部】 康熙笔画：15 部外笔画：10 〔古文〕 𨻏 【唐韻】於罽切【集韻】壹計切， 𠀤 音䚷。【說文】幽薶也。【爾雅·釋言】瘞，幽也。【疏】謂埋藏。 又【釋祭名】祭地曰瘞薶。【註】旣祭埋藏之。【詩·大雅】上下奠瘞。【釋文】瘞，埋也。【禮·禮運】故先王秉著龜，列祭祀瘞繒。【註】埋牲曰瘞。 又【儀禮·覲禮】祭川沈，祭地瘞。【註】古文瘞作殪。祭地瘞者，祭月也。 又【爾雅·釋詁】瘞，微也。	● 𤸻 nà ㄋㄚˋ 病。	【午集中】【疒字部】 康熙笔画：15 部外笔画：10 【集韻】乃嫁切，拏去聲。病也。				
new069	new	1	驚	𩦉	a	《漢語大字典》馬部:𩦉係驚左右異體				笔顺	笔顺	● 驚 jīng ㄐㄧㄥ 騾馬等因爲害怕而狂奔起來不受控制。 例如 ～車。～羣。馬～車敗。 害怕，精神受了突然刺激而緊張不安。 例如 ～恐。～駭。～愕。～惶。～詫。～遽。～厥。～悟。～心動魄。～惶失措。～世駭俗（言行出奇，使世人驚恐）。 震動。 例如 ～動。～擾。～堂木。打草～蛇。 出人意料的。 例	【亥集上】【馬字部】 康熙笔画：23 部外笔画：13 【唐韻】【集韻】舉卿切【正韻】居卿切， 𠀤 音京。【說文】馬駭也。【玉篇】駭也。【易·震卦】震驚百里。【詩·大雅】震驚徐方。【老子·道德經】得之若寵，失之若辱，是謂寵辱若驚。 又叶居陽切，音姜。【張籍·祭韓愈詩】月中登高灘，星漢交垂芒。釣車擲長綫，有獲齊驩驚。	● 𩦉 bié ㄅㄧㄝˊ 马名。	【亥集上】【馬字部】 康熙笔画：22 部外笔画：12 【字彙】幷結切，音別。馬名。				
new070	new	1	解	𧣈	a	《漢語大字典》《康熙字典》以𧣈為解異體				笔顺	笔顺	● 解 jiě ㄐㄧㄝˇ 剖开，分开。 例如 ～剖。分～。瓦～。～体。 把束缚着、系着的东西打开。 例如 ～开。～甲归田。～囊相助。 除去，除，废除，停止。 例如 ～放（①使广大人民群众脱离压迫；②解除束缚而得到自由）。～除。～饿。～乏。～惑。～疑。～围。～脱。～雇。～聘。～散。～毒。 溶化。 例如	【酉集上】【角字部】 康熙笔画：13 部外笔画：6 【唐韻】【正韻】佳買切【集韻】【韻會】舉嶰切， 𠀤 皆上聲。【說文】判也。从刀判牛角。【莊子·養生主】庖丁解牛。【左傳·宣四年】宰夫解黿。【前漢· 𨻰 湯傳】支解人民。【註】謂解 𢧵 其四支也。 又【博雅】散也。【玉篇】緩也。【易·解卦註】解，難之散也。【正義】解有兩音，一古買反，謂解難之初。一諧買反，謂旣解之後。故序卦云：解者，緩也。險難解釋，	● 𧣈 chù ㄔㄨˋ 同“ 觸 ”。	【備考】【酉集】【角字部】 康熙笔画：11 部外笔画：4 【篇海類編】同觸。				
new071	new	1	昏	𤯁	a	《異體字字典》收𤯁為昏異體，音hūn義日冥全同				笔顺	笔顺	● 昏 hūn ㄏㄨㄣ 天刚黑的时候。 例如 黄～。～晓（朝夕。亦指明暗）。～定晨省（ xǐng ）（人子侍奉父母的日常礼节，晚上服侍就寝，早上省视问安）。 暗而无光。 例如 ～暗。～黑。 惑乱。 例如 ～愦。～聩。～庸。 神智不清楚或失去知觉。 例如 发～。～厥（亦称“晕厥”）。～乱。 同“ 婚 	【辰集上】【日字部】 康熙笔画：8 部外笔画：4 〔古文〕 𣄾 𣄼 【唐韻】【集韻】【韻會】【正韻】 𠀤 呼昆切，音閽。【說文】日冥也。从日、氐省。氐者，下也。一曰民聲。【爾雅·釋詁】昏，代也。【註】代，明也。【疏】日入後二刻半爲昏，昏來則明往，故云代明。【釋名】昏，損也，陽精損減也。【周禮·秋官·司寤氏註】日入三刻爲昏，不盡三刻爲明。【淮南子·天文訓】日至虞淵，是謂黃昏。至於蒙谷，是謂定昏。 又	同“ 𠯑 ”。	【午集上】【甘字部】 康熙笔画：9 部外笔画：4 【集韻】 𠯑 古作 𤯁 。註詳口部四畫。				
weak072	weak	3	枝	𣏽	a	教育部異體字字典以𣏽為枝異體，音義全同可互換	twedu			笔顺	笔顺	● 枝 zhī ㄓ 由植物主干上分出来的茎条。 例如 树～。～干（ gàn ）。竹～。节外生～。～柯。～节（①由一件事生发的其他问题；②细碎的，不重要的）。 量词，指杆形的。 例如 一～铅笔。 同“ 支 ”，支持，分支。 ● 枝 qí ㄑㄧˊ 同“ 歧 ”，岔。	【辰集中】【木字部】 康熙笔画：8 部外笔画：4 【唐韻】【集韻】【韻會】章移切【正韻】旨而切， 𠀤 音支。【說文】木別生條也。【徐曰】自本而分，故曰別生。【廣韻】枝柯也。【左傳·隱八年】疏枝布葉分。 又散也。【易·下繫】中心疑者其辭枝。 又與支通。【詩·大雅】本支百世。左傳作本枝。 又支持也。【史記·項羽紀】諸將懾服，莫敢枝梧。【瓚曰】小柱爲枝，斜柱爲梧。 又干支亦作幹枝。【博雅】甲乙爲幹。幹者	同“ 枚 ”。	（康熙字典未收录「𣏽」字头，请参考「 枚 」字：）  【辰集中】【木字部】 康熙笔画：8 部外笔画：4 【廣韻】莫杯切【集韻】【韻會】【正韻】謨杯切， 𠀤 音梅。【說文】幹也，可爲杖。从木从攴。【詩·大雅】施于條枚。【徐曰】自條而出也，枝曰條，幹曰枚。 又个也。【書·大禹謨】枚卜功臣。【註】一一卜之也。【前漢·食貨志】二枚爲一朋。【五行志】拔宮中樹，七圍以上十六枚。 又枚筮，不指其事，汎卜吉凶也。		Y		
weak073	weak	3	涿	𣵠	a	《汉语大字典》𣵠同涿，读zhuo1即涿州涿郡	hydzd			笔顺	笔顺	● 涿 zhuō ㄓㄨㄛ 〔～鹿〕 〔～州〕地名，均在中国河北省。 水滴。	【巳集上】【水字部】 康熙笔画：12 部外笔画：8 【唐韻】【集韻】【韻會】【正韻】 𠀤 竹角切，音斲。【說文】流下滴也。【揚子·方言】瀧涿謂之霑 𣿙 。 又擊也。【周禮·秋官】壷涿氏，掌除水蟲。【註】壷，瓦鼓，涿，擊之也。 又水名，出上谷涿鹿縣。【水經注】淶水，東逕涿縣故城，下與涿水合。 又州名。【地理通釋】涿州，本漢涿郡。 又涿鹿，山名。【廣輿記】北直保安州，秦屬上谷郡，漢曰涿鹿城。西南有涿鹿	同“ 涿 ”。	（康熙字典未收录「𣵠」字头，请参考「 涿 」字：）  【巳集上】【水字部】 康熙笔画：12 部外笔画：8 【唐韻】【集韻】【韻會】【正韻】 𠀤 竹角切，音斲。【說文】流下滴也。【揚子·方言】瀧涿謂之霑 𣿙 。 又擊也。【周禮·秋官】壷涿氏，掌除水蟲。【註】壷，瓦鼓，涿，擊之也。 又水名，出上谷涿鹿縣。【水經注】淶水，東逕涿縣故城，下與涿水合。 又州名。【地理通釋】涿州，本漢涿郡。 又涿鹿，山名。【		Y		
weak074	weak	1	㒒	僕	b	《漢語大字典》《集韻》㒒同僕，為僕異體	hydzd			笔顺	笔顺	● 㒒 pú ㄆㄨˊ 同“ 仆 ”。	【子集中】【人字部】 康熙笔画：15 部外笔画：13 【字彙】僕本字。 又姓。漢有㒒朋，封渾渠侯。	● 僕 pú ㄆㄨˊ 侍從；供役使的人。 《説文•菐部》 ：“僕，給事者。” 《廣韻•屋韻》 ：“僕，侍從人也。” 古代把人分為十等，僕為第九等。 《詩•小雅•正月》 ：“民之無辜，並其臣僕。” 駕車的人。如：僕夫。 《玉篇•菐部》 ：“僕，馭車也。” 謙辭。用於第一人稱。漢司馬遷 《報任安書》 ：	【子集中】【人字部】 康熙笔画：14 部外笔画：12 〔古文〕䑑【唐韻】【集韻】【韻會】 𠀤 蒲沃切，蓬入聲。【說文】給事者。【禮·禮運】仕于公曰臣，仕于家曰僕。【周禮·春官】車僕掌戎路。廣車，闕車，苹車，輕車之萃。【註】車僕，主供副車者。僕猶御也，萃猶副也。謂供副車，以待乏用也。五車皆兵車也。 又司僕，官名。【五代史·百官志】唐龍朔中，改太保曰司馭，又改爲司僕。齊職儀衆僕之長曰太僕，掌輿馬。明制	Y			
weak075	weak	1	築	𥲒	a	教育部異體字字典以𥲒為築異體音義同	twedu			笔顺	笔顺	● 築 zhù ㄓㄨˋ 用以夯實泥土的杵狀器具。 《左傳·宣公十一年》 ：“稱畚築，程土物。” 以杵反覆撞擊土壤，使之密實堅固。 《詩·大雅·綿》 ：“築之登登，削屢馮馮。” 建造；修建。 《詩·豳風·七月》 ：“九月築場圃，十月納禾稼。” 居室；建築物。唐·杜甫 《畏人》 詩：“畏人成小築，褊性合	【未集上】【竹字部】 康熙笔画：15 部外笔画：9 【廣韻】【集韻】張六切【正韻】之六切， 𠀤 音竹。【說文】擣也。【詩·豳風】九月築場圃。【周禮·春官】展器陳告備，及果築鬻。【註】果築鬻者，所築鬻以祼也。 又抬也。【書·金縢】凡大木所偃，盡起而築之。【註】築，拾也。【疏】禾爲大木所偃者，起其木，拾下禾，無所亡失。 又【集韻】佇六切。杵有鐏。 又與妯同。【揚子·方言】築妯，匹也。【註】關西兄弟婦相	同“ 築 ”。	【未集上】【竹字部】 康熙笔画：17 部外笔画：11 〔古文〕 𥲔 𥲓 【廣韻】【集韻】【韻會】 𠀤 張六切，音竹。擣也。凡土功曰 𥲒 。【詩·豳風】九月 𥲒 場圃。【大雅】 𥲒 之登登。 又【周禮·冬官考工記】 𥲒 氏爲削。【註】削，今之書刀。 又居室亦曰 𥲒 ，言先 𥲒 垣也。【杜甫詩】畏人成小 𥲒 。 又鳥鼓翼也。【韓愈·城南聯句詩】逗翳翅相築，擺幽尾交搒。 又推 𥲒 ，旁推覺之也。【三國志		Y		
weak076	weak	1	青	𤯝	a	教育部異體字字典：𤯝為青之異體，音義全同可互換。	twedu			笔顺	笔顺	● 青 qīng ㄑㄧㄥ 深绿色或浅蓝色。 例如 ～绿。～碧。～草。～苔。～苗。～菜。～葱。～山绿水。～云直上。万古长～（喻高尚的精神或深厚的友情永远不衰）。 绿色的东西。 例如 踏～。～黄不接。 靛蓝色。 例如 靛～。～紫。～出于蓝，胜于蓝。 黑色。 例如 ～布。～线。～衫。～衣。 喻年轻。 例如	（康熙字典未收录「青」字头，请参考「 靑 」字：）  【戌集中】【青字部】 康熙笔画：8 〔古文〕 𡴑 𡴏 𡴐 𡗡 寈【唐韻】【集韻】【韻會】 𠀤 倉經切，音鶄。【說文】東方色也。【釋名】靑，生也。象物之生時色也。【書·禹貢】厥土靑黎。【荀子·勸學篇】靑出之藍而靑於藍。 又神名。【史記·封禪書】秦宣公作密畤于渭南，祭靑帝。 又州名。【書·禹貢】海岱惟靑州。 又鳥名。【禮·曲禮】前有水，則載靑旌。【	同“ 胜 ”。 “ 青 ”的讹字。 同“ 眚 ”。			Y		
weak077	weak	1	㐲	伏	b	教育部異體字字典：㐲為伏之異體	twedu			笔顺	笔顺	● 㐲 dài ㄉㄞˋ 海岛名。 ● 㐲 fú ㄈㄨˊ 同“ 伏 ”。	【子集中】【人字部】 康熙笔画：5 部外笔画：3 【廣韻】【集韻】 𠀤 徒蓋切，音大。【郭忠恕·佩觿集】海中地名。	● 伏 fú ㄈㄨˊ 趴，脸向下，体前屈。 例如 ～卧。～案读书。 低下去。 例如 此起彼～。 屈服，承认错误或受到惩罚。 例如 ～法。～输。～辩（伏罪的供状，亦作“伏辨”）。 使屈服。 例如 降～。降龙～虎。 隐藏。 例如 ～兵。埋～。 农历划分夏季最炎热的三个阶段。 例如 ～日。～旱。～暑。～天	【子集中】【人字部】 康熙笔画：6 部外笔画：4 【唐韻】【集韻】【韻會】【正韻】 𠀤 房六切，音服。偃也。【禮·曲禮】寢毋伏。 又【廣韻】匿藏也。【書·大禹謨】嘉言罔攸伏。【詩·小雅】潛雖伏矣。【史記·樂書】羽者嫗伏，毛者孕鬻。【前漢·趙廣漢傳】發奸摘伏如神。 又屈服也。【左傳·隱十一年】許旣伏其罪矣。 又三伏。【史記·秦本記】秦德公二年初伏。【註】六月三伏之節。始自秦德公。周時無伏。【釋名】伏	Y			
weak078	weak	1	煕	熙	b	《康熙字典》《異體字字典》收煕為熙之異體	yitizi			笔顺	笔顺	● 煕 xī ㄒㄧ 同“ 熙 ”。 ● 煕 yí ㄧˊ 古人名用字。	（康熙字典未收录「煕」字头，请参考「 熙 」字：）  【巳集中】【火字部】 康熙笔画：13 部外笔画：9 〔古文〕焈【唐韻】許其切【集韻】【韻會】虛其切【正韻】虛宜切， 𠀤 音僖。【爾雅·釋詁】緝熙，光也。【詩·大雅】於緝熙敬止。 又【爾雅·釋詁】熙，興也。【詩·周頌】時純熙矣。【朱傳】亦光也。 又【周語】熙，廣也。【書·堯典】庶績咸熙。【舜典】有能奮庸熙帝之載。【史記·吳世家】歌大雅曰：廣哉熙熙	● 熙 xī ㄒㄧ 光明。 兴起，兴盛。 和乐。 例如 ～怡。～笑。 同“ 禧 ”，福，吉祥。 〔～～攘攘〕形容人来人往、喧闹纷杂的样子。 同“ 嬉 ”，嬉戏。	【巳集中】【火字部】 康熙笔画：13 部外笔画：9 〔古文〕焈【唐韻】許其切【集韻】【韻會】虛其切【正韻】虛宜切， 𠀤 音僖。【爾雅·釋詁】緝熙，光也。【詩·大雅】於緝熙敬止。 又【爾雅·釋詁】熙，興也。【詩·周頌】時純熙矣。【朱傳】亦光也。 又【周語】熙，廣也。【書·堯典】庶績咸熙。【舜典】有能奮庸熙帝之載。【史記·吳世家】歌大雅曰：廣哉熙熙乎。 又【廣韻】和也。【老子·道德經】衆人熙熙。 又【	Y			
weak079	weak	1	置	𣇣	a	教育部異體字字典收𣇣為置之異體音義全同	twedu			笔顺	笔顺	● 置 zhì ㄓˋ 放，摆，搁。 例如 安～。布～。～放。～身。位～。～信。～评。～疑。～辩。推心～腹。～若罔闻。～之度外。 设立，设备。 例如 装～。设～。 购买。 例如 添～。～办。～备。～买。	【未集中】【网字部】 康熙笔画：14 部外笔画：8 〔古文〕 𦌤 𦋽 𦋲 𦌃 【廣韻】陟吏切【集韻】【韻會】竹吏切【正韻】知意切， 𠀤 音智。【說文】赦也。【註】徐鍇曰：从直，與罷同意。置之則去之也。 又【玉篇】立也。【廣韻】設也。【書·說命】王置諸其左右。【周禮·天官·大宰】三曰廢置，以馭其吏。【註】退其不能者，舉賢而置之祿。【前漢·周勃傳】不知置辭。【註】師古曰：置，立也。 又【玉篇】安置也。	同“ 置 ”。	【辰集上】【日字部】 康熙笔画：12 部外笔画：8 【正字通】置字之譌。		Y		
weak080	weak	1	督	𣈉	a	《漢語大字典·目部》𣈉為督異體音義全同	hydzd			笔顺	笔顺	● 督 dū ㄉㄨ 察看；监管。 例如 监～。～办。～导。～察。～促。～师。～率（ shuài ）（亦作“督帅”）。～战。～学。 责罚。 例如 ～过（督察责备）。～责。 古代将官名。 例如 都～。～邮。～护。总～。提～。～抚。	【午集中】【目字部】 康熙笔画：13 部外笔画：8 【唐韻】冬毒切【集韻】【韻會】【正韻】都毒切， 𠀤 音篤。【說文】察也。【廣韻】率也，勸也。【增韻】催趨也。【正韻】董也。 又敕戒也。【前漢·車千秋傳】宜有以敎督。【唐晝裴度傳】請身督戰。 又【說文】目痛也。 又【爾雅·釋詁】正也。【左傳·僖十二年】謂督不忘。【疏】謂管仲功德正而不忘也。 又【增韻】責也。【史記·項羽紀】聞大王有意督過之。【註】督	同“ 督 ”。	（康熙字典未收录「𣈉」字头，请参考「 督 」字：）  【午集中】【目字部】 康熙笔画：13 部外笔画：8 【唐韻】冬毒切【集韻】【韻會】【正韻】都毒切， 𠀤 音篤。【說文】察也。【廣韻】率也，勸也。【增韻】催趨也。【正韻】董也。 又敕戒也。【前漢·車千秋傳】宜有以敎督。【唐晝裴度傳】請身督戰。 又【說文】目痛也。 又【爾雅·釋詁】正也。【左傳·僖十二年】謂督不忘。【疏】謂管仲功德正而不忘也。 又【		Y		
weak081	weak	1	剪	翦	a	漢語大字典、教育部異體字典皆以翦為剪異體	dypytz,hydzd,hydzd-borrowed,twedu,unihan:kSemanticVariant,yitizi		剪->翦(kSemanticVariant<kLau,kMatthews,kMeyerWempe); 翦->剪(kSemanticVariant<kLau,kMatthews,kMeyerWempe)	笔顺	笔顺	● 剪 jiǎn ㄐㄧㄢˇ 一种铰东西的用具。 例如 ～刀。 像剪子的东西。 例如 火～。夹～。～床。 用剪子铰。 例如 ～断。～开。～影。～报。～纸。～裁。 除掉。 例如 ～除。～灭。	【子集下】【刀字部】 康熙笔画：11 部外笔画：9 【唐韻】卽淺切【韻會】子淺切【正韻】子踐切， 𠀤 箋上聲。【玉篇】俗翦字。	● 翦 jiǎn ㄐㄧㄢˇ 同“ 剪 ”。 姓。	【未集中】【羽字部】 康熙笔画：15 部外笔画：9 〔古文〕 𦑳 【廣韻】卽淺切【集韻】【韻會】【正韻】子踐切， 𠀤 音剪。【說文】羽生也。【爾雅·釋言】翦，齊也。【註】南方人呼翦刀爲劑也。【玉篇】勒也，齊斷也。【廣韻】殺也。【詩·召南】勿翦勿敗。【傳】翦，去也。【周禮·秋官·剪氏註】翦，斷滅之言也。【左傳·宣十二年】其翦以賜諸侯。【註】翦，削也。 又【成二年】余姑翦滅此而後朝食。【註】翦，盡也。	Y	Y		
weak082	weak	1	幣	幤	a	教育部異體字字典收幤為幣異體，音義全同可互換	yitizi			笔顺	笔顺	● 幣 bì ㄅㄧˋ 帛。泛指車馬皮帛玉器等禮物。 《説文•巾部》 ：“幣，帛也。” 財物。 《集韻•祭韻》 ：“幣，財也。” 《管子•國蓄》 ：“以珠玉為上幣，以黄金為中幣，以刀布為下幣。” 貨幣。 《史記•吴王濞列傳》 ：“亂天下幣。” 贈送。 《莊子•説劍》 ：“聞夫子明聖，謹奉千金以幣從者。	【寅集中】【巾字部】 康熙笔画：15 部外笔画：12 【唐韻】【集韻】【韻會】 𠀤 毗祭切，音弊。【說文】幣帛也。【周禮·天官·大宰】以九式均節財用，六曰幣帛之式。【註】幣帛，所以贈勞賔客者。 又【集韻】財也。【橫渠理窟】幣者，金玉齒革泉布之雜名。【周禮·天官·大宰】以九貢致邦國之用，四曰幣貢。【註】幣貢，玉馬皮帛也。 又【內府】凡四方之幣獻之，金玉齒革兵器，凡良貨賄入焉。【管子·國蓄篇】以珠玉爲	● 幤 bì ㄅㄧˋ 同“ 幣 ”。	（康熙字典未收录「幤」字头，请参考「 幣 」字：）  【寅集中】【巾字部】 康熙笔画：15 部外笔画：12 【唐韻】【集韻】【韻會】 𠀤 毗祭切，音弊。【說文】幣帛也。【周禮·天官·大宰】以九式均節財用，六曰幣帛之式。【註】幣帛，所以贈勞賔客者。 又【集韻】財也。【橫渠理窟】幣者，金玉齒革泉布之雜名。【周禮·天官·大宰】以九貢致邦國之用，四曰幣貢。【註】幣貢，玉馬皮帛也。 又【內府】凡四方之幣獻之		Y		
weak083	weak	1	霧	霿	a	《說文》霿即今霧，《漢語大字典》注霿同霧	hydzd,hydzd-borrowed			笔顺	笔顺	● 霧 wù ㄨˋ 雾气。气温下降时，空气中所含的水蒸气凝结而浮在接近地面的空气中，常使人视野模糊不清。 《爾雅•釋天》 ：“地氣發，天不應曰霧；霧謂之晦。”郭璞注：“言晦冥。” 《莊子•大宗師》 ：“孰能登天遊霧，撓挑無極。”唐杜甫 《早發射洪縣南途中作》 ：“寒日出霧遲，清江轉山急。” 比喻轻细	【戌集中】【雨字部】 康熙笔画：19 部外笔画：11 【廣韻】【韻會】 𠀤 亡遇切，音務。【爾雅·釋天】地氣發，天不應，曰霧。霧謂之晦。【註】言晦冥。【釋名】霧，冒也，氣蒙亂覆冒物也。【廣韻】元命包曰：隂陽亂爲霧。【禮·月令】氛霧冥冥。【玉篇】本作霿。【廣韻】同霚。【集韻】同雺。 又【集韻】謨蓬切，音蒙。 又蒙弄切，音幪。 又莫鳳切，音夢。義 𠀤 同。	● 霿 méng ㄇㄥˊ 天色昏暗。 例如 ～雾。	【戌集中】【雨字部】 康熙笔画：22 部外笔画：14 【唐韻】莫弄切【集韻】【韻會】【正韻】蒙弄切， 𠀤 幪去聲。【說文】天氣下，地不應，曰霿。霿，晦也。从雨瞀聲。【集韻】或作霧。 又【集韻】莫鳳切，音夢。義同。 又【集韻】莫宋切。與雺同。 又【集韻】【韻會】【正韻】 𠀤 莫 𠋫 切，音茂。【集韻】瞉霿，鄙吝也。【前漢·五行志】霿恆風若。【註】師古曰：霿，莫豆反。應劭曰：瞉霿，鄙吝則風不順之也。 	Y	Y		
weak084	weak	1	喜	𠶮	a	據教育部異體字字典，𠶮為喜之異體音義全同	twedu			笔顺	笔顺	● 喜 xǐ ㄒㄧˇ 高兴，快乐。 例如 欢～。～悦。～讯。～剧。～气。～色。～幸。～乐（ lè ㄌㄜˋ ）。～洋洋。欢天～地。欣～若狂。 可庆贺的，特指关于结婚的。 例如 ～事。～酒。～糖。～蛋。～联。～幛。～雨。～报。～庆。贺～。报～。 妇女怀孕。 例如 害～。她有～了。 爱好。 例如 ～爱。～	【丑集上】【口字部】 康熙笔画：12 部外笔画：9 〔古文〕憘 𢐭 歖【唐韻】虛里切【集韻】【韻會】許已切【正韻】許里切， 𠀤 音蟢。【爾雅·釋詁】喜，樂也。【玉篇】悅也。【書·益稷】股肱喜哉。【易·否卦】先否後喜。 又聞喜，縣名。 又姓。【正字通】元順帝時喜同，明正統中喜寧。 又【集韻】虛其切，音僖。末喜，有施氏女名。【晉語】夏桀伐有施氏，有施人以妹喜女焉。 又【楚辭·天問】簡狄在臺嚳何宜， 𤣥	同“ 喜 ”。	（康熙字典未收录「𠶮」字头，请参考「 喜 」字：）  【丑集上】【口字部】 康熙笔画：12 部外笔画：9 〔古文〕憘 𢐭 歖【唐韻】虛里切【集韻】【韻會】許已切【正韻】許里切， 𠀤 音蟢。【爾雅·釋詁】喜，樂也。【玉篇】悅也。【書·益稷】股肱喜哉。【易·否卦】先否後喜。 又聞喜，縣名。 又姓。【正字通】元順帝時喜同，明正統中喜寧。 又【集韻】虛其切，音僖。末喜，有施氏女名。【晉語】夏桀伐有施氏，有		Y		
weak085	weak	1	羅	𦌴	a	教育部異體字字典收𦌴為羅之異體，音義全同。	twedu			笔顺	笔顺	● 羅 luó ㄌㄨㄛˊ 捕鳥的網。 《詩•王風•兔爰》 ：“有兔爰爰，雉離于羅。” 張網捕捉。如：羅雀掘鼠。 《詩•小雅•鴛鴦》 ：“鴛鴦于飛，畢之羅之。” 搜尋；招致。 《漢書•王莽傳上》 ：“網羅天下異能之士。” 包羅，囊括。 《莊子•天下》 ：“萬物畢羅，莫足以歸。” 排列；分佈。如：星羅棋	【未集中】【网字部】 康熙笔画：19 部外笔画：14 【廣韻】魯何切【集韻】【韻會】良何切【正韻】朗何切， 𠀤 音蘿。【說文】以絲罟鳥。古者芒氏初作羅。【爾雅·釋器】鳥罟謂之羅。【註】謂羅絡之。【詩·王風】雉離於羅。【周禮·夏官·羅氏】掌羅烏鳥。 又【類篇】帛也。【釋名】羅文，疎羅也。【戰國策】下宮糅羅紈，曳綺縠。 又【廣雅】羅，列也。【楚辭·九歌】羅生兮堂下。【註】羅列而生。 又國名。【左傳·桓	同“ 罗 ”。	（康熙字典未收录「𦌴」字头，请参考「 羅 」字：）  【未集中】【网字部】 康熙笔画：19 部外笔画：14 【廣韻】魯何切【集韻】【韻會】良何切【正韻】朗何切， 𠀤 音蘿。【說文】以絲罟鳥。古者芒氏初作羅。【爾雅·釋器】鳥罟謂之羅。【註】謂羅絡之。【詩·王風】雉離於羅。【周禮·夏官·羅氏】掌羅烏鳥。 又【類篇】帛也。【釋名】羅文，疎羅也。【戰國策】下宮糅羅紈，曳綺縠。 又【廣雅】羅，列也。【楚辭·		Y		
weak086	weak	1	任	仼	a	《汉语大字典》《中华字海》收仼为任异体，壬俗作王	unihan:kSemanticVariant		任->仼(kSemanticVariant); 仼->任(kSemanticVariant<kHKGlyph)	笔顺	笔顺	● 任 rèn ㄖㄣˋ 相信，信赖。 例如 信～。 使用，给予职务。 例如 ～命。～人唯贤。 负担，担当。 例如 担～。～课。 职务。 例如 就～。到～。～重道远。 由着，听凭。 例如 ～凭。～性。～意。～从。～随。听～。放～自流。听之～之。 不论，无论。 例如 ～何。～人皆知。 ● 任 rén ㄖ	【子集中】【人字部】 康熙笔画：6 部外笔画：4 【唐韻】【集韻】【韻會】如林切【正韻】如深切， 𠀤 音壬。誠篤也。【詩·邶風】仲氏任只。【鄭箋】以恩相信曰任。 又【周禮·地官】大司徒之職，以鄕三物，敎萬民而賔興之。二曰六行，孝友睦婣任恤。【註】任，信於友道。 又【廣韻】堪也。【王粲·登樓賦】情眷眷而懷歸兮，孰憂思之可任。【註】言誰堪此憂思也。 又當也。【左傳·僖十五年】衆怒難任。 又負也，擔也。	● 仼 wáng ㄨㄤˊ 快步急行。	【子集中】【人字部】 康熙笔画：6 部外笔画：4 【字彙】音王。急行也。◎按《集韻》作彺。《字彙》譌。				
weak087	weak	1	鸕	𪇸	a	教育部《異體字字典》：𪇸為鸕之異體	twedu			笔顺	笔顺	● 鸕 lú ㄌㄨˊ 见“ 鸬 ”。	【亥集中】【鳥字部】 康熙笔画：27 部外笔画：16 【唐韻】洛乎切【集韻】龍都切， 𠀤 音盧。【說文】 𪈒 鷀也。【楊孚異物志】鸕鷀不生卵，旣胎又吐生，多者七八，少者五六，相連而生。詳鷀字註。 又【集韻】凌如切，音臚。【爾雅·釋鳥】鸕諸雉。【郭註】未詳。	同“ 鹭 ”。	【亥集中】【鳥字部】 康熙笔画：26 部外笔画：15 【玉篇】與鷺同。				
