# components_v1  K=20  source=ids_lv1.txt@503a655a9436  columns: component	n_chars	kind
艹	5441	stop
口	5160	stop
氵	4769	stop
木	4300	stop
土	3197	stop
扌	3036	stop
亻	2836	stop
日	2761	stop
一	2641	stop
金	2423	stop
𥫗	2398	stop
山	2369	stop
火	2339	stop
女	2264	stop
虫	2112	stop
糸	2058	stop
阝	2020	stop
言	1889	stop
目	1820	stop
王	1748	stop
忄	1717	stop
石	1666	stop
辶	1657	stop
心	1638	stop
鳥	1595	stop
月	1424	stop
禾	1402	stop
魚	1376	stop
丿	1368	stop
米	1340	stop
大	1281	stop
𧾷	1267	stop
又	1213	stop
宀	1213	stop
人	1203	stop
犭	1160	stop
广	1156	stop
攵	1148	stop
疒	1136	stop
刂	1114	stop
丶	1101	stop
貝	1100	stop
示	1087	stop
隹	1072	stop
田	1062	stop
冖	1033	stop
馬	1029	stop
車	976	stop
頁	974	stop
穴	955	stop
雨	934	stop
丨	931	stop
罒	923	stop
門	914	stop
厂	895	stop
衤	889	stop
力	858	stop
巾	858	stop
灬	854	stop
十	853	stop
⺼	830	stop
彳	813	stop
尸	801	stop
欠	798	stop
囗	784	stop
酉	759	stop
皿	756	stop
亠	754	stop
耳	749	stop
止	736	stop
八	730	stop
白	703	stop
钅	696	stop
革	696	stop
牛	694	stop
弓	684	stop
冂	673	stop
毛	661	stop
飠	655	stop
立	628	stop
几	622	stop
工	617	stop
走	612	stop
羽	603	stop
戈	593	stop
二	590	stop
見	574	stop
冫	558	stop
舟	557	stop
廾	548	stop
衣	544	stop
羊	537	stop
子	536	stop
殳	525	stop
水	497	stop
厶	493	stop
凵	492	stop
寸	491	stop
〢	489	stop
勹	484	stop
歹	478	stop
髟	477	stop
鬼	474	stop
爫	472	stop
乚	471	stop
纟	467	stop
刀	465	stop
手	464	stop
𠂉	459	stop
方	458	stop
⺊	440	stop
文	439	stop
攴	432	stop
夂	428	stop
彡	428	stop
皮	423	stop
讠	423	stop
鸟	423	stop
瓦	418	stop
夕	415	stop
小	413	stop
丷	407	stop
斤	401	stop
鱼	400	stop
風	395	stop
⺈	392	stop
虍	389	stop
角	386	stop
匚	385	stop
吅	382	stop
骨	375	stop
豕	373	stop
林	372	stop
身	372	stop
矢	369	stop
犬	367	stop
儿	363	stop
匕	358	stop
干	358	stop
鹿	358	stop
黑	356	stop
齒	344	stop
辛	341	stop
巛	335	stop
𠃊	335	stop
户	332	stop
门	324	stop
从	323	stop
臣	313	stop
分	312	stop
贝	311	stop
豆	307	stop
臼	303	stop
多	301	stop
豸	298	stop
古	297	stop
马	297	stop
非	294	stop
合	292	stop
缶	291	stop
𦥑	283	stop
出	280	stop
天	279	stop
乙	278	stop
者	278	stop
巳	277	stop
コ	275	stop
䒑	274	stop
丆	271	stop
舌	270	stop
亡	268	stop
龹	267	stop
共	264	stop
韋	263	stop
支	260	stop
乂	258	stop
音	257	stop
九	255	stop
炎	255	stop
𰀁	254	stop
卩	253	stop
正	253	stop
且	251	stop
巴	250	stop
比	249	stop
生	248	stop
耒	247	stop
斗	244	stop
元	243	stop
丁	242	stop
少	240	stop
自	240	stop
虎	240	stop
令	238	stop
里	237	stop
足	236	stop
了	233	stop
今	233	stop
至	232	stop
甫	231	stop
谷	231	stop
去	230	stop
玉	229	stop
束	228	stop
片	226	stop
车	226	stop
各	225	stop
句	221	stop
吕	221	stop
页	221	stop
瓜	220	stop
麥	220	stop
不	219	stop
夊	219	stop
屮	219	stop
麻	218	stop
夫	217	stop
勿	216	stop
高	216	stop
𬺢	216	stop
牙	213	stop
中	211	stop
面	211	stop
𠃌	211	stop
𢆶	211	stop
卝	210	stop
圭	210	stop
幺	210	stop
乀	209	stop
其	209	stop
可	209	stop
吉	209	stop
士	209	stop
由	209	stop
肉	208	stop
𠂆	208	stop
占	207	stop
千	206	stop
台	204	stop
艮	203	stop
召	199	stop
爿	199	stop
余	198	stop
⺝	197	stop
覀	197	stop
饣	196	stop
青	195	stop
䖵	194	stop
云	194	stop
乃	193	stop
己	193	stop
光	192	stop
此	189	stop
重	188	stop
回	187	stop
镸	186	stop
𠃍	186	stop
刃	184	stop
包	183	stop
同	183	stop
旦	182	stop
未	181	stop
必	180	stop
⺕	178	stop
丅	178	stop
矛	178	stop
赤	178	stop
來	177	stop
上	176	stop
卜	176	stop
甲	176	stop
⺀	175	stop
辰	175	stop
鼠	175	stop
龷	174	stop
戊	173	stop
𫜹	172	stop
内	170	stop
𭤨	170	stop
𧘇	169	stop
邑	168	stop
气	167	stop
血	166	stop
鬲	166	stop
丙	164	stop
甘	164	stop
𠂤	164	stop
黄	163	stop
夭	162	stop
廿	162	stop
氺	162	stop
𰀪	162	stop
开	161	stop
行	161	stop
主	160	stop
加	160	stop
果	160	stop
𦍌	159	stop
丄	158	stop
丰	158	stop
香	157	stop
弋	156	stop
是	155	stop
肖	155	stop
龴	155	stop
先	154	stop
入	154	stop
北	154	stop
卒	154	stop
勺	152	stop
取	152	stop
丂	151	stop
僉	151	stop
卑	151	stop
兆	150	stop
夾	150	stop
百	150	stop
𠔿	150	stop
告	149	stop
莫	149	stop
咅	148	stop
奇	148	stop
而	148	stop
尢	147	stop
㇈	146	stop
丑	146	stop
有	146	stop
鹵	146	stop
龍	146	stop
䜌	145	stop
用	145	stop
真	145	stop
老	145	stop
昜	144	stop
尾	142	stop
并	142	stop
弗	142	stop
次	142	stop
免	141	stop
巨	141	stop
曷	141	stop
聿	140	stop
乍	139	stop
兀	139	stop
色	139	stop
食	139	stop
三	138	stop
亅	138	stop
于	138	stop
亼	138	stop
川	138	stop
昔	138	stop
爾	138	stop
票	136	stop
𤇾	135	stop
咸	133	stop
屯	133	stop
畐	133	stop
丸	132	stop
也	132	stop
央	132	stop
尤	132	stop
每	132	stop
犮	132	stop
乇	131	stop
公	131	stop
及	131	stop
禺	131	stop
俞	130	stop
列	130	stop
夬	130	stop
幸	130	stop
六	128	stop
予	127	stop
氏	127	stop
畾	127	stop
良	127	stop
夋	126	stop
朿	126	stop
或	125	stop
申	125	stop
𠦝	125	stop
亦	124	stop
辟	124	stop
下	123	stop
交	123	stop
冘	123	stop
君	123	stop
員	123	stop
井	122	stop
𡗜	122	stop
單	121	stop
堯	121	stop
尃	121	stop
尔	121	stop
龰	121	stop
仌	120	stop
凡	120	stop
娄	120	stop
爪	120	stop
玄	120	stop
登	120	stop
见	120	stop
東	119	stop
番	119	stop
𡨄	119	stop
侖	118	stop
卓	118	stop
平	118	stop
玨	118	stop
異	118	stop
尼	117	stop
求	117	stop
鼻	117	stop
丩	116	stop
乞	116	stop
兑	116	stop
易	116	stop
章	116	stop
韭	116	stop
黽	116	stop
吾	115	stop
奄	114	stop
扁	114	stop
曾	114	stop
旬	113	stop
冉	112	stop
麦	112	stop
𠔼	112	stop
㔾	111	stop
兼	111	stop
周	111	stop
戔	111	stop
父	111	stop
𢦏	111	stop
㇂	110	stop
㇉	110	stop
半	109	stop
朱	109	stop
癶	109	stop
业	108	stop
婁	108	stop
粦	108	stop
翏	108	stop
𠃑	108	stop
㓁	107	stop
亥	107	stop
失	107	stop
丘	106	stop
亍	106	stop
囟	106	stop
它	106	stop
昷	106	stop
爻	106	stop
亘	105	stop
肀	105	stop
貴	105	stop
軍	105	stop
𠮛	105	stop
孚	104	stop
帀	104	stop
成	104	stop
民	104	stop
雚	104	stop
𡉅	104	stop
㐬	103	stop
䀠	103	stop
反	103	stop
叕	103	stop
品	103	stop
甚	103	stop
𢆉	103	stop
疋	102	stop
系	102	stop
𦭝	102	stop
𱼀	102	stop
介	101	stop
兄	101	stop
夌	101	stop
帝	101	stop
朋	101	stop
首	101	stop
冋	100	stop
卯	100	stop
享	99	stop
兒	99	stop
利	99	stop
我	99	stop
攸	99	stop
永	99	stop
區	98	stop
升	98	stop
坐	98	stop
童	98	stop
長	98	stop
亢	97	stop
南	97	stop
枼	97	stop
西	97	stop
㠯	96	stop
午	96	stop
壴	96	stop
安	96	stop
帚	96	stop
昆	96	stop
本	96	stop
焦	96	stop
屰	95	stop
亏	94	stop
京	94	stop
冬	94	stop
咼	94	stop
弄	94	stop
彖	94	stop
臽	94	stop
釆	94	stop
㇇	93	stop
亞	93	stop
巿	93	stop
才	93	stop
折	93	stop
敖	93	stop
氐	93	stop
𫶧	93	stop
㐱	92	stop
夗	92	stop
廴	92	stop
齿	92	stop
久	91	stop
委	91	stop
秋	91	stop
鼓	91	stop
付	90	stop
喬	90	stop
尞	90	stop
留	90	stop
龸	90	stop
𠂇	90	stop
䍃	89	stop
倉	89	stop
奴	89	stop
巠	89	stop
耑	89	stop
⺌	88	stop
全	88	stop
孛	88	stop
旁	88	stop
齊	88	stop
𠮟	88	stop
关	87	stop
敢	87	stop
母	87	stop
肙	87	stop
风	87	stop
黍	87	stop
㐭	86	stop
呈	86	stop
皇	86	stop
與	86	stop
世	85	stop
啇	85	stop
尚	85	stop
差	85	stop
男	85	stop
舛	85	stop
𰀠	85	stop
七	84	stop
亇	84	stop
曼	84	stop
末	84	stop
育	84	stop
舀	84	stop
𱍸	84	stop
危	83	stop
夆	83	stop
宗	83	stop
直	83	stop
睘	83	stop
隶	83	stop
𠈌	83	stop
𠕁	83	stop
𠬶	83	stop
含	82	stop
夅	82	stop
專	82	stop
弟	82	stop
斬	82	stop
會	82	stop
来	82	stop
龶	82	stop
𠂹	82	stop
㣺	81	stop
凶	81	stop
因	81	stop
害	81	stop
寺	81	stop
旡	81	stop
曲	81	stop
睪	81	stop
丕	80	stop
亶	80	stop
叚	80	stop
念	80	stop
旧	80	stop
酋	80	stop
𰀉	80	stop
思	79	stop
敝	79	stop
殸	79	stop
眉	79	stop
空	79	stop
責	79	stop
韦	79	stop
𫩏	79	stop
明	78	stop
春	78	stop
网	78	stop
美	78	stop
豈	78	stop
冈	77	stop
匊	77	stop
參	77	stop
奚	77	stop
左	77	stop
步	77	stop
翟	77	stop
克	76	stop
匀	76	stop
双	76	stop
司	76	stop
喿	76	stop
巢	76	stop
昌	76	stop
星	76	stop
沙	76	stop
蜀	76	stop
貢	76	stop
㒸	75	stop
万	75	stop
丮	75	stop
右	75	stop
垂	75	stop
垔	75	stop
堇	75	stop
尺	75	stop
歺	75	stop
死	75	stop
𡗗	75	stop
𲺋	75	stop
厽	74	stop
壽	74	stop
妥	74	stop
𭕄	74	stop
㐌	73	stop
只	73	stop
后	73	stop
呆	73	stop
壬	73	stop
夸	73	stop
完	73	stop
需	73	stop
坴	72	stop
宛	72	stop
帛	72	stop
彔	72	stop
早	72	stop
益	72	stop
知	72	stop
臤	72	stop
萬	72	stop
襄	72	stop
覃	72	stop
兔	71	stop
卷	71	stop
叔	71	stop
太	71	stop
尹	71	stop
旨	71	stop
甬	71	stop
禹	71	stop
臾	71	stop
隻	71	stop
龠	71	stop
𠫓	71	stop
丹	70	stop
喜	70	stop
執	70	stop
宁	70	stop
寽	70	stop
歷	70	stop
艸	70	stop
詹	70	stop
雷	70	stop
亐	69	stop
任	69	stop
冏	69	stop
前	69	stop
弜	69	stop
爰	69	stop
盍	69	stop
賣	69	stop
逢	69	stop
龙	69	stop
𡈼	69	stop
乛	68	stop
化	68	stop
即	68	stop
容	68	stop
廷	68	stop
更	68	stop
盧	68	stop
离	68	stop
竜	68	stop
能	68	stop
𦣞	68	stop
乏	67	stop
亭	67	stop
善	67	stop
宜	67	stop
屈	67	stop
希	67	stop
旱	67	stop
虚	67	stop
豊	67	stop
郎	67	stop
雲	67	stop
代	66	stop
厷	66	stop
壹	66	stop
尒	66	stop
芻	66	stop
𫇦	66	stop
亚	65	stop
卬	65	stop
泉	65	stop
肅	65	stop
要	65	stop
霝	65	stop
𣎆	65	stop
#(-乛丿)	64	stroke
㝵	64	stop
叉	64	stop
夹	64	stop
如	64	stop
幼	64	stop
建	64	stop
皀	64	stop
監	64	stop
𠂢	64	stop
亲	63	stop
原	63	stop
叟	63	stop
奉	63	stop
孝	63	stop
布	63	stop
电	63	stop
甾	63	stop
畏	63	stop
癸	63	stop
般	63	stop
㒼	62	stop
冓	62	stop
官	62	stop
杀	62	stop
某	62	stop
灰	62	stop
臿	62	stop
㐄	61	stop
丬	61	stop
亾	61	stop
具	61	stop
兹	61	stop
厸	61	stop
埶	61	stop
市	61	stop
彑	61	stop
棥	61	stop
疌	61	stop
英	61	stop
菐	61	stop
齐	61	stop
𠀎	61	stop
𠀐	61	stop
𠃋	61	stop
𣪊	61	stop
允	60	stop
冄	60	stop
勾	60	stop
吏	60	stop
向	60	stop
咢	60	stop
客	60	stop
戚	60	stop
昏	60	stop
曳	60	stop
無	60	stop
習	60	stop
臭	60	stop
若	60	stop
辱	60	stop
采	60	stop
#(一-𠃍丨b𠃌)	59	stroke
丛	59	stop
冝	59	stop
号	59	stop
名	59	stop
廣	59	stop
曹	59	stop
柔	59	stop
柬	59	stop
矞	59	stop
秀	59	stop
耂	59	stop
華	59	stop
蒦	59	stop
買	59	stop
𠤎	59	stop
𬺣	59	stop
#(丿𠃊)	58	stroke
㝉	58	stop
兮	58	stop
刍	58	stop
卂	58	stop
居	58	stop
從	58	stop
戉	58	stop
烏	58	stop
累	58	stop
耎	58	stop
胃	58	stop
蒙	58	stop
鼎	58	stop
单	57	stop
友	57	stop
夷	57	stop
巩	57	stop
景	57	stop
皆	57	stop
𦥯	57	stop
侯	56	stop
冗	56	stop
宣	56	stop
崔	56	stop
朁	56	stop
盾	56	stop
矣	56	stop
羅	56	stop
舍	56	stop
袁	56	stop
賁	56	stop
農	56	stop
𠃓	56	stop
㓞	55	stop
㚇	55	stop
丞	55	stop
串	55	stop
产	55	stop
充	55	stop
唐	55	stop
复	55	stop
定	55	stop
巤	55	stop
年	55	stop
庸	55	stop
樂	55	stop
灭	55	stop
疑	55	stop
連	55	stop
雍	55	stop
𦈢	55	stop
並	54	stop
互	54	stop
典	54	stop
匋	54	stop
参	54	stop
巽	54	stop
彦	54	stop
敦	54	stop
武	54	stop
熏	54	stop
爭	54	stop
𢆰	54	stop
𬼀	54	stop
敄	53	stop
敫	53	stop
桑	53	stop
胡	53	stop
遂	53	stop
間	53	stop
𦐇	53	stop
𦣻	53	stop
冐	52	stop
劦	52	stop
厥	52	stop
岡	52	stop
巫	52	stop
延	52	stop
悤	52	stop
意	52	stop
牟	52	stop
狊	52	stop
相	52	stop
瞿	52	stop
麗	52	stop
𠇍	52	stop
𦰩	52	stop
𰃮	52	stop
乡	51	stop
五	51	stop
会	51	stop
則	51	stop
叜	51	stop
圣	51	stop
屋	51	stop
帶	51	stop
怱	51	stop
戎	51	stop
炏	51	stop
畢	51	stop
羌	51	stop
象	51	stop
𠄌	51	stop
𠆣	51	stop
𥝢	51	stop
丫	50	stop
么	50	stop
乎	50	stop
將	50	stop
尊	50	stop
庚	50	stop
弁	50	stop
業	50	stop
沓	50	stop
磊	50	stop
翁	50	stop
聶	50	stop
苗	50	stop
虒	50	stop
貞	50	stop
雋	50	stop
𣦵	50	stop
之	49	stop
厤	49	stop
庶	49	stop
录	49	stop
氣	49	stop
爲	49	stop
草	49	stop
豖	49	stop
豦	49	stop
賏	49	stop
賓	49	stop
贊	49	stop
𢀳	49	stop
亟	48	stop
区	48	stop
否	48	stop
戌	48	stop
敕	48	stop
當	48	stop
礼	48	stop
羔	48	stop
韱	48	stop
黾	48	stop
𦓔	48	stop
ユ	47	stop
外	47	stop
幾	47	stop
歲	47	stop
秦	47	stop
素	47	stop
𱥯	47	stop
保	46	stop
厄	46	stop
咠	46	stop
囚	46	stop
夜	46	stop
奔	46	stop
妾	46	stop
寧	46	stop
廉	46	stop
斯	46	stop
最	46	stop
畺	46	stop
義	46	stop
荅	46	stop
賴	46	stop
𣅀	46	stop
㚔	45	stop
冥	45	stop
厘	45	stop
四	45	stop
困	45	stop
固	45	stop
夏	45	stop
夢	45	stop
寿	45	stop
尧	45	stop
尨	45	stop
康	45	stop
産	45	stop
贵	45	stop
那	45	stop
魯	45	stop
𢑑	45	stop
㐫	44	stop
丱	44	stop
册	44	stop
别	44	stop
匡	44	stop
匸	44	stop
史	44	stop
宓	44	stop
尋	44	stop
彐	44	stop
既	44	stop
毚	44	stop
閒	44	stop
龱	44	stop
与	43	stop
伐	43	stop
助	43	stop
勞	43	stop
厓	43	stop
吝	43	stop
國	43	stop
堂	43	stop
奥	43	stop
孟	43	stop
寅	43	stop
屏	43	stop
廌	43	stop
引	43	stop
术	43	stop
甶	43	stop
耶	43	stop
蔑	43	stop
追	43	stop
靈	43	stop
飛	43	stop
𠬞	43	stop
𦉪	43	stop
𲋄	43	stop
㇁	42	atom
㚘	42	stop
制	42	stop
厭	42	stop
受	42	stop
屾	42	stop
度	42	stop
弔	42	stop
志	42	stop
忽	42	stop
惠	42	stop
索	42	stop
解	42	stop
達	42	stop
邕	42	stop
龜	42	stop
𠫔	42	stop
𰀄	42	stop
个	41	stop
卢	41	stop
嗇	41	stop
存	41	stop
幵	41	stop
微	41	stop
忍	41	stop
戠	41	stop
放	41	stop
斥	41	stop
殹	41	stop
發	41	stop
监	41	stop
盖	41	stop
祭	41	stop
禁	41	stop
虘	41	stop
阜	41	stop
阿	41	stop
隺	41	stop
頃	41	stop
鬯	41	stop
𣏋	41	stop
𧰨	41	stop
㸚	40	stop
䖝	40	stop
乔	40	stop
军	40	stop
嚴	40	stop
急	40	stop
感	40	stop
段	40	stop
皃	40	stop
矍	40	stop
翕	40	stop
葉	40	stop
表	40	stop
賛	40	stop
霍	40	stop
鬥	40	stop
𪠲	40	stop
𫩠	40	stop
㬎	39	stop
争	39	stop
休	39	stop
佥	39	stop
剌	39	stop
厲	39	stop
囧	39	stop
壯	39	stop
契	39	stop
式	39	stop
晏	39	stop
稟	39	stop
竒	39	stop
隋	39	stop
集	39	stop
龵	39	stop
𠁣	39	stop
𡰥	39	stop
㥯	38	stop
兵	38	stop
匽	38	stop
哥	38	stop
墨	38	stop
宅	38	stop
尗	38	stop
强	38	stop
敏	38	stop
於	38	stop
替	38	stop
栗	38	stop
燕	38	stop
秃	38	stop
芒	38	stop
貫	38	stop
路	38	stop
速	38	stop
零	38	stop
䙴	37	stop
乳	37	stop
劳	37	stop
囷	37	stop
奈	37	stop
嬰	37	stop
密	37	stop
尉	37	stop
弱	37	stop
敬	37	stop
昍	37	stop
查	37	stop
眔	37	stop
肩	37	stop
興	37	stop
蓋	37	stop
過	37	stop
雀	37	stop
𠤕	37	stop
𩰲	37	stop
#(𠃑-一丨)	36	stroke
㕣	36	stop
丽	36	stop
冒	36	stop
吞	36	stop
妻	36	stop
巂	36	stop
息	36	stop
晋	36	stop
暴	36	stop
朵	36	stop
率	36	stop
省	36	stop
葛	36	stop
长	36	stop
隊	36	stop
養	36	stop
丐	35	stop
仑	35	stop
卡	35	stop
商	35	stop
奠	35	stop
宿	35	stop
悲	35	stop
执	35	stop
朶	35	stop
枚	35	stop
爽	35	stop
甹	35	stop
罙	35	stop
𣄼	35	stop
𰆊	35	stop
⺆	34	stop
㞢	34	stop
䏍	34	stop
丈	34	stop
义	34	stop
员	34	stop
夲	34	stop
守	34	stop
憂	34	stop
普	34	stop
桀	34	stop
波	34	stop
突	34	stop
蟲	34	stop
麃	34	stop
𠃎	34	stop
𠕀	34	stop
𡭕	34	stop
𢀖	34	stop
㡀	33	stop
伏	33	stop
冃	33	stop
农	33	stop
務	33	stop
匿	33	stop
叅	33	stop
字	33	stop
展	33	stop
当	33	stop
忩	33	stop
愛	33	stop
戋	33	stop
戾	33	stop
房	33	stop
扇	33	stop
毒	33	stop
狂	33	stop
肴	33	stop
臬	33	stop
臱	33	stop
蚤	33	stop
褱	33	stop
闌	33	stop
𢼄	33	stop
𣬉	33	stop
𤰇	33	stop
𤰔	33	stop
𦔮	33	stop
𦥔	33	stop
#(-一丨b𠃌)	32	stroke
#(丨-一𠃑)	32	stroke
リ	32	stop
㫺	32	stop
吊	32	stop
咎	32	stop
在	32	stop
奐	32	stop
宏	32	stop
彭	32	stop
敞	32	stop
散	32	stop
旲	32	stop
焱	32	stop
犀	32	stop
竟	32	stop
答	32	stop
罗	32	stop
考	32	stop
耆	32	stop
聚	32	stop
胥	32	stop
臯	32	stop
苦	32	stop
𨸏	32	stop
丏	31	stop
兩	31	stop
函	31	stop
卖	31	stop
叀	31	stop
叒	31	stop
對	31	stop
局	31	stop
底	31	stop
復	31	stop
斩	31	stop
旋	31	stop
朔	31	stop
朝	31	stop
松	31	stop
絲	31	stop
肯	31	stop
背	31	stop
舂	31	stop
花	31	stop
虖	31	stop
質	31	stop
阑	31	stop
韯	31	stop
𠬤	31	stop
亮	30	stop
作	30	stop
呙	30	stop
囬	30	stop
宋	30	stop
封	30	stop
射	30	stop
岑	30	stop
戍	30	stop
昬	30	stop
朗	30	stop
殺	30	stop
罷	30	stop
迷	30	stop
逐	30	stop
间	30	stop
𠂔	30	stop
𠕋	30	stop
𠯑	30	stop
𣶒	30	stop
㸒	29	stop
丌	29	stop
丣	29	stop
亯	29	stop
以	29	stop
冡	29	stop
切	29	stop
匝	29	stop
华	29	stop
卞	29	stop
囊	29	stop
奏	29	stop
孔	29	stop
家	29	stop
審	29	stop
寻	29	stop
尖	29	stop
就	29	stop
屬	29	stop
岂	29	stop
戒	29	stop
施	29	stop
无	29	stop
欶	29	stop
江	29	stop
灵	29	stop
豪	29	stop
𡬠	29	stop
㲋	28	stop
东	28	stop
乖	28	stop
仓	28	stop
匈	28	stop
卤	28	stop
历	28	stop
哉	28	stop
堅	28	stop
尣	28	stop
崇	28	stop
師	28	stop
常	28	stop
慮	28	stop
截	28	stop
拜	28	stop
掌	28	stop
条	28	stop
柰	28	stop
氶	28	stop
爵	28	stop
牢	28	stop
看	28	stop
祟	28	stop
罔	28	stop
致	28	stop
訇	28	stop
邦	28	stop
難	28	stop
黨	28	stop
𠀉	28	stop
𠷎	28	stop
𤰞	28	stop
𪧇	28	stop
凢	27	stop
发	27	stop
基	27	stop
察	27	stop
嵬	27	stop
店	27	stop
彗	27	stop
族	27	stop
晶	27	stop
歮	27	stop
殿	27	stop
炙	27	stop
為	27	stop
畱	27	stop
皋	27	stop
粲	27	stop
茶	27	stop
賔	27	stop
贡	27	stop
贲	27	stop
辵	27	stop
雪	27	stop
𠀁	27	stop
𠂈	27	stop
𱕻	27	stop
㇀	26	atom
㕛	26	stop
㞷	26	stop
专	26	stop
另	26	stop
囱	26	stop
好	26	stop
孫	26	stop
宾	26	stop
幽	26	stop
弘	26	stop
忌	26	stop
條	26	stop
法	26	stop
然	26	stop
盡	26	stop
禸	26	stop
等	26	stop
罢	26	stop
达	26	stop
近	26	stop
通	26	stop
都	26	stop
靡	26	stop
須	26	stop
乐	25	stop
伯	25	stop
凹	25	stop
勇	25	stop
卆	25	stop
厃	25	stop
厚	25	stop
坚	25	stop
声	25	stop
季	25	stop
带	25	stop
府	25	stop
憲	25	stop
晃	25	stop
朮	25	stop
析	25	stop
渚	25	stop
盈	25	stop
矦	25	stop
衮	25	stop
豐	25	stop
黎	25	stop
𠩺	25	stop
𠫤	25	stop
𣪠	25	stop
𤐫	25	stop
㷠	24	stop
䝿	24	stop
为	24	stop
亓	24	stop
再	24	stop
刑	24	stop
初	24	stop
吹	24	stop
命	24	stop
威	24	stop
宰	24	stop
岸	24	stop
州	24	stop
待	24	stop
惡	24	stop
愈	24	stop
數	24	stop
時	24	stop
書	24	stop
枲	24	stop
毳	24	stop
畀	24	stop
畜	24	stop
秝	24	stop
蘭	24	stop
责	24	stop
退	24	stop
造	24	stop
遺	24	stop
郭	24	stop
量	24	stop
閑	24	stop
飞	24	stop
𰃦	24	stop
#(-𠃌𠃊x0)	23	stroke
㘝	23	stop
便	23	stop
匹	23	stop
叐	23	stop
叵	23	stop
地	23	stop
坒	23	stop
堆	23	stop
孕	23	stop
孤	23	stop
宂	23	stop
尽	23	stop
岩	23	stop
巷	23	stop
弇	23	stop
彼	23	stop
徙	23	stop
显	23	stop
朩	23	stop
森	23	stop
榮	23	stop
欣	23	stop
毕	23	stop
爱	23	stop
界	23	stop
盆	23	stop
短	23	stop
絜	23	stop
脊	23	stop
舞	23	stop
荒	23	stop
虽	23	stop
连	23	stop
道	23	stop
黹	23	stop
𡉵	23	stop
𡕩	23	stop
𡘆	23	stop
𦎧	23	stop
𬀷	23	stop
㬅	22	stop
乘	22	stop
兰	22	stop
冷	22	stop
卵	22	stop
厼	22	stop
寮	22	stop
屑	22	stop
崩	22	stop
巧	22	stop
患	22	stop
慧	22	stop
戢	22	stop
渠	22	stop
炭	22	stop
獻	22	stop
禽	22	stop
粟	22	stop
莽	22	stop
虔	22	stop
負	22	stop
赞	22	stop
隆	22	stop
𠮷	22	stop
𦙃	22	stop
𩠐	22	stop
事	21	stop
他	21	stop
党	21	stop
勉	21	stop
吳	21	stop
奢	21	stop
姜	21	stop
學	21	stop
宇	21	stop
宫	21	stop
庄	21	stop
役	21	stop
律	21	stop
悉	21	stop
所	21	stop
梨	21	stop
楚	21	stop
独	21	stop
畟	21	stop
畫	21	stop
皷	21	stop
聂	21	stop
肥	21	stop
艾	21	stop
著	21	stop
處	21	stop
蚩	21	stop
覽	21	stop
費	21	stop
雩	21	stop
𠱠	21	stop
𠳮	21	stop
#(一-𠃍丨b一)	20	stroke
㫐	20	stop
乌	20	stop
僕	20	stop
印	20	stop
咨	20	stop
埋	20	stop
奎	20	stop
孱	20	stop
富	20	stop
崙	20	stop
已	20	stop
移	20	stop
筆	20	stop
粤	20	stop
紫	20	stop
臺	20	stop
茸	20	stop
蔡	20	stop
藍	20	stop
藏	20	stop
衛	20	stop
赖	20	stop
離	20	stop
𠂊	20	stop
𧴪	20	stop
#(-𠃊𠃍-一𠃑)	19	stroke
#(-𠃌㇉)	19	stroke
#(一-𠃍𠃑-一丨)	19	stroke
𡿨	18	atom
𠄎	16	atom
#(丨-一丿)	14	stroke
#(丿丨b一-𠃍)	12	stroke
#(𠃍-𠃊𠃍)	12	stroke
#(丨-一丨)	11	stroke
#(-丨㇅-丨𠃌)	10	stroke
#(-𠃌丨b一)	8	stroke
#(丨b一-𠃍)	8	stroke
#(𠃑-一乚)	8	stroke
凸	8	atom
𡰣	8	atom
𬼂	8	atom
#(-𠃊𠃍-一𠃑z)	6	stroke
#(㇇乀)	6	stroke
#(-丨一-𠃍𠃑)	5	stroke
#(-乛丨)	5	stroke
#(-丨一-𠃑一-𠃍𠃑-一𠃑)	4	stroke
#(一-𠃑)	4	stroke
〇	4	atom
#(-𠃍㇉)	3	stroke
#(一-𠃍𠃊-𠃍𠃊)	3	stroke
#(-㇇𠃊)	2	stroke
#(-乀-丿乀丿z)	2	stroke
#(-𠃋丶z)	2	stroke
#(-𠃍丨乛)	2	stroke
#(-𠃍𠃊-𠃍𠃊)	2	stroke
#(-𠃍𠄌)	2	stroke
#(◞x3◟◜◝-◟)	2	stroke
#(一-丨一)	2	stroke
#(一-𠃑一-𠃍)	2	stroke
#(丨-一㇉)	2	stroke
#(丨-一𠃊)	2	stroke
#(丨-一𠃊-𠃑)	2	stroke
#(丨-𠃊一)	2	stroke
#(丨x3◞◟◜)	2	stroke
#(丿㇉)	2	stroke
#(丿乚)	2	stroke
#(丿𠃑)	2	stroke
#(乀丿)	2	stroke
#(𠃊-𠃍丨)	2	stroke
#(𠃍-𠃊一)	2	stroke
#(𠃍乀)	2	stroke
㇋	2	atom
乁	2	atom
𠕄	2	atom
#(-⺄𠃊)	1	stroke
#(-一𠃑-一𠃊)	1	stroke
#(-丨一-㇎丨)	1	stroke
#(-丨一-㇎丨-一𠃑)	1	stroke
#(-丿㇍丿)	1	stroke
#(-丿一-𠃍𠃊乀x0)	1	stroke
#(-乀一-𠃍𠃑)	1	stroke
#(-𠃍㇄)	1	stroke
#(◝x3◞◟◜◝x7◞◟◜)	1	stroke
#(◝◞-◜-◟)	1	stroke
#(◟◜◝◞x0)	1	stroke
#(◟◜◟◜-一)	1	stroke
#(㇅-丨一)	1	stroke
#(㇇◝x4◞◟◜)	1	stroke
#(㇇◝◞)	1	stroke
#(一-𠃑一)	1	stroke
#(丨-一㇄)	1	stroke
#(丨-一𠃊乚)	1	stroke
#(丨x2-𠃊𠃍x3-𠃊)	1	stroke
#(丨x4◞◟◜◝◞)	1	stroke
#(丨x4◞◟◜◝◞◝◞◝)	1	stroke
#(丨◜◝◞)	1	stroke
#(丶-𠃋x0)	1	stroke
#(丿丨乀)	1	stroke
#(乀丨)	1	stroke
#(𠃊-𠃍丿)	1	stroke
#(𠃊㇂)	1	stroke
#(𠃍-㇅)	1	stroke
#(𠃍-一丨乙)	1	stroke
#(𠃍-一乀)	1	stroke
#(𠃍-一𠃑-一丿)	1	stroke
#(𠃑-一丿)	1	stroke
#(𠃑-一𠄌)	1	stroke
㇅	1	atom
㇊	1	atom
㇍	1	atom
㇎	1	atom
㇢	1	atom
𠃉	1	atom
𠤬	1	atom
𢱿	1	atom
𬼁	1	atom
𬼄	1	atom
